iter,train_loss,val_loss,grad_norm_post_clip,grad_norm_pre_clip,grad_norm_hc,grad_norm_base,lr,amax_fwd_max,amax_bwd_max,h_res_row_sum_max_dev,avg_attn_entropy,residual_norm_final
1.0,12.093581199645996,nan,5.59375,5.59375,0.0213623046875,5.59375,7.499999999999999e-07,1.0,1.0,0.0,0.0,0.0
10.0,12.057114601135254,nan,5.40625,5.40625,0.021484375,5.40625,7.499999999999999e-06,1.0,1.0,0.0,0.0,0.0
20.0,11.690973281860352,nan,6.875,6.875,0.033447265625,6.875,1.4999999999999999e-05,1.0,1.0,0.0,0.0,0.0
30.0,10.638561248779297,nan,4.5,4.5,0.019287109375,4.5,2.2499999999999998e-05,1.0,1.0,0.0,0.0,0.0
40.0,10.074824333190918,nan,3.078125,3.078125,0.0186767578125,3.078125,2.9999999999999997e-05,1.0,1.0,0.0,0.0,0.0
50.0,9.691221237182617,nan,2.890625,2.890625,0.01373291015625,2.890625,3.75e-05,1.0,1.0,0.0,0.0,0.0
60.0,9.310142040252686,nan,2.71875,2.71875,0.03662109375,2.71875,4.4999999999999996e-05,1.0,1.0,0.0,0.0,0.0
70.0,8.73231291770935,nan,2.65625,2.65625,0.0198974609375,2.65625,5.2499999999999995e-05,1.0,1.0,0.0,0.0,0.0
80.0,8.137211084365845,nan,3.046875,3.046875,0.05615234375,3.03125,5.9999999999999995e-05,1.0,1.0,0.0,0.0,0.0
90.0,7.405148476362228,nan,5.46875,5.46875,0.095703125,5.46875,6.749999999999999e-05,1.0,1.0,0.0,0.0,0.0
100.0,6.6739988923072815,nan,2.25,2.25,0.10986328125,2.25,7.5e-05,1.0,1.0,0.0,0.0,0.0
110.0,5.925241619348526,nan,3.34375,3.34375,0.126953125,3.34375,8.249999999999999e-05,1.0,1.0,0.0,0.0,0.0
120.0,5.3666185438632965,nan,1.828125,1.828125,0.07373046875,1.828125,8.999999999999999e-05,1.0,1.0,0.0,0.0,0.0
130.0,4.998004853725433,nan,2.09375,2.09375,0.1337890625,2.09375,9.75e-05,1.0,1.0,0.0,0.0,0.0
140.0,4.773220330476761,nan,1.4375,1.4375,0.0927734375,1.4375,0.00010499999999999999,1.0,1.0,0.0,0.0,0.0
150.0,4.477729290723801,nan,1.6640625,1.6640625,0.09228515625,1.65625,0.0001125,1.0,1.0,0.0,0.0,0.0
160.0,4.195445999503136,nan,2.015625,2.015625,0.1611328125,2.015625,0.00011999999999999999,1.0,1.0,0.0,0.0,0.0
170.0,4.006819427013397,nan,1.3984375,1.3984375,0.0986328125,1.3984375,0.00012749999999999998,1.0,1.0,0.0,0.0,0.0
180.0,3.8644932955503464,nan,1.8828125,1.8828125,0.1875,1.875,0.00013499999999999997,1.0,1.0,0.0,0.0,0.0
190.0,3.694823756814003,nan,1.703125,1.703125,0.11376953125,1.6953125,0.0001425,1.0,1.0,0.0,0.0,0.0
200.0,3.6293433010578156,nan,2.375,2.375,0.23046875,2.359375,0.00015,1.0,1.0,0.0,0.0,0.0
210.0,3.378103405237198,nan,1.9921875,1.9921875,0.1435546875,1.9921875,0.0001575,1.0,1.0,0.0,0.0,0.0
220.0,3.2968651354312897,nan,2.140625,2.140625,0.16796875,2.140625,0.00016499999999999997,1.0,1.0,0.0,0.0,0.0
230.0,3.1724594235420227,nan,1.8125,1.8125,0.1923828125,1.8046875,0.0001725,1.0,1.0,0.0,0.0,0.0
240.0,3.144055128097534,nan,1.984375,1.984375,0.1650390625,1.9765625,0.00017999999999999998,1.0,1.0,0.0,0.0,0.0
250.0,3.078417643904686,nan,2.0,2.0,0.10546875,2.0,0.0001875,1.0,1.0,0.0,0.0,0.0
260.0,2.9792475551366806,nan,2.234375,2.234375,0.2119140625,2.21875,0.000195,1.0,1.0,0.0,0.0,0.0
270.0,2.945910692214966,nan,3.421875,3.421875,0.4921875,3.375,0.00020249999999999996,1.0,1.0,0.0,0.0,0.0
280.0,2.8500805497169495,nan,2.078125,2.078125,0.193359375,2.078125,0.00020999999999999998,1.0,1.0,0.0,0.0,0.0
290.0,2.7330499291419983,nan,1.7265625,1.7265625,0.126953125,1.7265625,0.00021749999999999997,1.0,1.0,0.0,0.0,0.0
300.0,2.7879718989133835,nan,2.875,2.875,0.31640625,2.859375,0.000225,1.0,1.0,0.0,0.0,0.0
310.0,2.7167316675186157,nan,2.09375,2.09375,0.236328125,2.078125,0.00023249999999999996,1.0,1.0,0.0,0.0,0.0
320.0,2.634132295846939,nan,2.0625,2.0625,0.197265625,2.0625,0.00023999999999999998,1.0,1.0,0.0,0.0,0.0
330.0,2.5846461951732635,nan,1.703125,1.703125,0.38671875,1.6640625,0.0002475,1.0,1.0,0.0,0.0,0.0
340.0,2.5470151007175446,nan,1.765625,1.765625,0.361328125,1.7265625,0.00025499999999999996,1.0,1.0,0.0,0.0,0.0
350.0,2.5261728763580322,nan,1.7265625,1.7265625,0.162109375,1.71875,0.0002625,1.0,1.0,0.0,0.0,0.0
360.0,2.426534205675125,nan,1.7109375,1.7109375,0.26171875,1.6875,0.00026999999999999995,1.0,1.0,0.0,0.0,0.0
370.0,2.4525797814130783,nan,1.40625,1.40625,0.2431640625,1.3828125,0.00027749999999999997,1.0,1.0,0.0,0.0,0.0
380.0,2.4133290201425552,nan,1.1328125,1.1328125,0.11279296875,1.125,0.000285,1.0,1.0,0.0,0.0,0.0
390.0,2.346110299229622,nan,1.234375,1.234375,0.255859375,1.203125,0.0002925,1.0,1.0,0.0,0.0,0.0
400.0,2.2788995802402496,nan,1.3125,1.3125,0.26953125,1.28125,0.0003,1.0,1.0,0.0,0.0,0.0
410.0,2.2531521022319794,nan,1.1328125,1.1328125,0.134765625,1.125,0.00030749999999999994,1.0,1.0,0.0,0.0,0.0
420.0,2.2610885202884674,nan,1.0390625,1.0390625,0.146484375,1.0234375,0.000315,1.0,1.0,0.0,0.0,0.0
430.0,2.2329390048980713,nan,1.0234375,1.0234375,0.361328125,0.953125,0.0003224999999999999,1.0,1.0,0.0,0.0,0.0
440.0,2.174259051680565,nan,0.92578125,0.92578125,0.09765625,0.921875,0.00032999999999999994,1.0,1.0,0.0,0.0,0.0
450.0,2.1553807258605957,nan,0.84765625,0.84765625,0.2138671875,0.8203125,0.00033749999999999996,1.0,1.0,0.0,0.0,0.0
460.0,2.089915856719017,nan,0.98828125,0.98828125,0.37109375,0.9140625,0.000345,1.0,1.0,0.0,0.0,0.0
470.0,2.0717668011784554,nan,0.75390625,0.75390625,0.2734375,0.703125,0.00035249999999999995,1.0,1.0,0.0,0.0,0.0
480.0,2.0254755169153214,nan,0.7578125,0.7578125,0.19921875,0.73046875,0.00035999999999999997,1.0,1.0,0.0,0.0,0.0
490.0,2.0072022303938866,nan,0.8046875,0.8046875,0.33203125,0.734375,0.0003675,1.0,1.0,0.0,0.0,0.0
500.0,2.00518511980772,nan,0.81640625,0.81640625,0.412109375,0.703125,0.000375,1.0,1.0,0.0,0.0,0.0
510.0,1.9719216525554657,nan,0.71484375,0.71484375,0.10546875,0.70703125,0.0003825,1.0,1.0,0.0,0.0,0.0
520.0,1.9073737412691116,nan,0.69140625,0.69140625,0.2314453125,0.65234375,0.00039,1.0,1.0,0.0,0.0,0.0
530.0,1.9230212420225143,nan,0.76953125,0.76953125,0.208984375,0.73828125,0.00039749999999999996,1.0,1.0,0.0,0.0,0.0
540.0,1.909655936062336,nan,0.71484375,0.71484375,0.10400390625,0.70703125,0.0004049999999999999,1.0,1.0,0.0,0.0,0.0
550.0,1.9335721582174301,nan,0.609375,0.609375,0.1826171875,0.58203125,0.00041249999999999994,1.0,1.0,0.0,0.0,0.0
560.0,1.8833454549312592,nan,0.59765625,0.59765625,0.1025390625,0.58984375,0.00041999999999999996,1.0,1.0,0.0,0.0,0.0
570.0,1.819068819284439,nan,0.56640625,0.56640625,0.1826171875,0.53515625,0.0004275,1.0,1.0,0.0,0.0,0.0
580.0,1.8234983310103416,nan,0.58984375,0.58984375,0.173828125,0.5625,0.00043499999999999995,1.0,1.0,0.0,0.0,0.0
590.0,1.8479733020067215,nan,0.74609375,0.74609375,0.34765625,0.66015625,0.00044249999999999997,1.0,1.0,0.0,0.0,0.0
600.0,1.8179208934307098,nan,0.66015625,0.66015625,0.349609375,0.55859375,0.00045,1.0,1.0,0.0,0.0,0.0
610.0,1.8257474154233932,nan,0.8671875,0.8671875,0.66015625,0.55859375,0.0004575,1.0,1.0,0.0,0.0,0.0
620.0,1.8020957186818123,nan,0.75390625,0.75390625,0.53515625,0.52734375,0.0004649999999999999,1.0,1.0,0.0,0.0,0.0
630.0,1.8151971772313118,nan,0.640625,0.640625,0.369140625,0.5234375,0.00047249999999999994,1.0,1.0,0.0,0.0,0.0
640.0,1.8331725001335144,nan,0.5546875,0.5546875,0.193359375,0.5234375,0.00047999999999999996,1.0,1.0,0.0,0.0,0.0
650.0,1.7694073468446732,nan,0.578125,0.578125,0.328125,0.4765625,0.0004874999999999999,1.0,1.0,0.0,0.0,0.0
660.0,1.7570425420999527,nan,0.9453125,0.9453125,0.83203125,0.44921875,0.000495,1.0,1.0,0.0,0.0,0.0
670.0,1.7226854413747787,nan,0.416015625,0.416015625,0.07958984375,0.408203125,0.0005024999999999999,1.0,1.0,0.0,0.0,0.0
680.0,1.780794933438301,nan,0.59765625,0.59765625,0.40625,0.4375,0.0005099999999999999,1.0,1.0,0.0,0.0,0.0
690.0,1.7264763116836548,nan,0.8046875,0.8046875,0.671875,0.443359375,0.0005175,1.0,1.0,0.0,0.0,0.0
700.0,1.7035600692033768,nan,0.45703125,0.45703125,0.169921875,0.42578125,0.000525,1.0,1.0,0.0,0.0,0.0
710.0,1.7137859910726547,nan,0.5703125,0.5703125,0.427734375,0.375,0.0005325,1.0,1.0,0.0,0.0,0.0
720.0,1.6822446659207344,nan,0.54296875,0.54296875,0.3203125,0.439453125,0.0005399999999999999,1.0,1.0,0.0,0.0,0.0
730.0,1.7002017498016357,nan,0.453125,0.453125,0.205078125,0.404296875,0.0005474999999999999,1.0,1.0,0.0,0.0,0.0
740.0,1.7162704169750214,nan,1.3203125,1.3203125,1.2109375,0.52734375,0.0005549999999999999,1.0,1.0,0.0,0.0,0.0
750.0,1.6870808154344559,nan,0.369140625,0.369140625,0.126953125,0.345703125,0.0005625,1.0,1.0,0.0,0.0,0.0
760.0,1.6486452370882034,nan,0.53125,0.53125,0.404296875,0.34375,0.00057,1.0,1.0,0.0,0.0,0.0
770.0,1.6286718472838402,nan,0.578125,0.578125,0.458984375,0.353515625,0.0005775,1.0,1.0,0.0,0.0,0.0
780.0,1.6895691752433777,nan,0.4375,0.4375,0.181640625,0.3984375,0.000585,1.0,1.0,0.0,0.0,0.0
790.0,1.6337423846125603,nan,0.3671875,0.3671875,0.1806640625,0.3203125,0.0005924999999999999,1.0,1.0,0.0,0.0,0.0
800.0,1.6704664379358292,nan,0.435546875,0.435546875,0.185546875,0.39453125,0.0006,1.0,1.0,0.0,0.0,0.0
810.0,1.6127858310937881,nan,0.66796875,0.66796875,0.58984375,0.318359375,0.000599997918132997,1.0,1.0,0.0,0.0,0.0
820.0,1.608519971370697,nan,0.56640625,0.56640625,0.466796875,0.322265625,0.0005999907215969208,1.0,1.0,0.0,0.0,0.0
830.0,1.63233582675457,nan,0.60546875,0.60546875,0.515625,0.3125,0.0005999783848266887,1.0,1.0,0.0,0.0,0.0
840.0,1.6177733391523361,nan,0.83984375,0.83984375,0.78125,0.314453125,0.0005999609080571749,1.0,1.0,0.0,0.0,0.0
850.0,1.6682487204670906,nan,0.55859375,0.55859375,0.4609375,0.318359375,0.000599938291621112,1.0,1.0,0.0,0.0,0.0
860.0,1.6114141345024109,nan,0.318359375,0.318359375,0.12109375,0.29296875,0.0005999105359490843,1.0,1.0,0.0,0.0,0.0
870.0,1.6152992621064186,nan,0.435546875,0.435546875,0.287109375,0.326171875,0.0005998776415695197,1.0,1.0,0.0,0.0,0.0
880.0,1.5603156462311745,nan,0.388671875,0.388671875,0.265625,0.28515625,0.00059983960910868,1.0,1.0,0.0,0.0,0.0
890.0,1.5602125376462936,nan,0.380859375,0.380859375,0.2294921875,0.3046875,0.0005997964392906482,1.0,1.0,0.0,0.0,0.0
900.0,1.5878269523382187,nan,0.59765625,0.59765625,0.5078125,0.314453125,0.0005997481329373154,1.0,1.0,0.0,0.0,0.0
910.0,1.5560349524021149,nan,0.373046875,0.373046875,0.275390625,0.25390625,0.0005996946909683652,1.0,1.0,0.0,0.0,0.0
920.0,1.5805603563785553,nan,0.95703125,0.95703125,0.90625,0.310546875,0.0005996361144012556,1.0,1.0,0.0,0.0,0.0
930.0,1.5305177345871925,nan,0.3125,0.3125,0.158203125,0.26953125,0.0005995724043511997,1.0,1.0,0.0,0.0,0.0
940.0,1.5625518709421158,nan,0.46875,0.46875,0.369140625,0.291015625,0.0005995035620311453,1.0,1.0,0.0,0.0,0.0
950.0,1.5497044324874878,nan,0.37890625,0.37890625,0.27734375,0.2578125,0.0005994295887517508,1.0,1.0,0.0,0.0,0.0
960.0,1.51673936098814,nan,0.51171875,0.51171875,0.431640625,0.271484375,0.0005993504859213609,1.0,1.0,0.0,0.0,0.0
970.0,1.5145533308386803,nan,0.60546875,0.60546875,0.52734375,0.298828125,0.0005992662550459793,1.0,1.0,0.0,0.0,0.0
980.0,1.5271341279149055,nan,0.279296875,0.279296875,0.10888671875,0.2578125,0.0005991768977292406,1.0,1.0,0.0,0.0,0.0
990.0,1.5666840374469757,nan,0.37890625,0.37890625,0.287109375,0.2490234375,0.0005990824156723795,1.0,1.0,0.0,0.0,0.0
1000.0,1.5204482600092888,1.5278639745712281,0.353515625,0.353515625,0.263671875,0.2353515625,0.0005989828106741978,1.2019424438476562,1.2019424438476562,0.00348818302154541,5.078131655852,281.3294677734375
1010.0,1.5348928049206734,1.5278639745712281,0.298828125,0.298828125,0.1591796875,0.251953125,0.0005988780846310313,1.2019424438476562,1.2019424438476562,0.00348818302154541,5.078131655852,281.3294677734375
1020.0,1.5546286851167679,1.5278639745712281,0.34765625,0.34765625,0.236328125,0.255859375,0.0005987682395367127,1.2019424438476562,1.2019424438476562,0.00348818302154541,5.078131655852,281.3294677734375
1030.0,1.4861616119742393,1.5278639745712281,0.56640625,0.56640625,0.5,0.26171875,0.0005986532774825343,1.2019424438476562,1.2019424438476562,0.00348818302154541,5.078131655852,281.3294677734375
1040.0,1.5145116671919823,1.5278639745712281,0.427734375,0.427734375,0.345703125,0.25,0.0005985332006572083,1.2019424438476562,1.2019424438476562,0.00348818302154541,5.078131655852,281.3294677734375
1050.0,1.532369650900364,1.5278639745712281,0.263671875,0.263671875,0.10986328125,0.23828125,0.000598408011346824,1.2019424438476562,1.2019424438476562,0.00348818302154541,5.078131655852,281.3294677734375
1060.0,1.504296287894249,1.5278639745712281,0.53515625,0.53515625,0.466796875,0.259765625,0.0005982777119348053,1.2019424438476562,1.2019424438476562,0.00348818302154541,5.078131655852,281.3294677734375
1070.0,1.4821135476231575,1.5278639745712281,0.25,0.25,0.06396484375,0.2412109375,0.0005981423049018655,1.2019424438476562,1.2019424438476562,0.00348818302154541,5.078131655852,281.3294677734375
1080.0,1.4984820559620857,1.5278639745712281,0.37109375,0.37109375,0.26953125,0.255859375,0.0005980017928259591,1.2019424438476562,1.2019424438476562,0.00348818302154541,5.078131655852,281.3294677734375
1090.0,1.4698120430111885,1.5278639745712281,0.24609375,0.24609375,0.08740234375,0.23046875,0.0005978561783822336,1.2019424438476562,1.2019424438476562,0.00348818302154541,5.078131655852,281.3294677734375
1100.0,1.4199354872107506,1.5278639745712281,0.328125,0.328125,0.2451171875,0.21875,0.0005977054643429782,1.2019424438476562,1.2019424438476562,0.00348818302154541,5.078131655852,281.3294677734375
1110.0,1.4923625066876411,1.5278639745712281,0.33203125,0.33203125,0.2421875,0.228515625,0.0005975496535775705,1.2019424438476562,1.2019424438476562,0.00348818302154541,5.078131655852,281.3294677734375
1120.0,1.454863302409649,1.5278639745712281,0.44140625,0.44140625,0.37890625,0.228515625,0.0005973887490524235,1.2019424438476562,1.2019424438476562,0.00348818302154541,5.078131655852,281.3294677734375
1130.0,1.4812565371394157,1.5278639745712281,0.26953125,0.26953125,0.1201171875,0.2412109375,0.000597222753830927,1.2019424438476562,1.2019424438476562,0.00348818302154541,5.078131655852,281.3294677734375
1140.0,1.4609358459711075,1.5278639745712281,0.9609375,0.9609375,0.92578125,0.26171875,0.000597051671073391,1.2019424438476562,1.2019424438476562,0.00348818302154541,5.078131655852,281.3294677734375
1150.0,1.4487173557281494,1.5278639745712281,0.56640625,0.56640625,0.5078125,0.2470703125,0.0005968755040369842,1.2019424438476562,1.2019424438476562,0.00348818302154541,5.078131655852,281.3294677734375
1160.0,1.4612479880452156,1.5278639745712281,0.306640625,0.306640625,0.205078125,0.2275390625,0.0005966942560756735,1.2019424438476562,1.2019424438476562,0.00348818302154541,5.078131655852,281.3294677734375
1170.0,1.4263665974140167,1.5278639745712281,0.546875,0.546875,0.490234375,0.2373046875,0.0005965079306401585,1.2019424438476562,1.2019424438476562,0.00348818302154541,5.078131655852,281.3294677734375
1180.0,1.4333381950855255,1.5278639745712281,0.376953125,0.376953125,0.298828125,0.2294921875,0.0005963165312778073,1.2019424438476562,1.2019424438476562,0.00348818302154541,5.078131655852,281.3294677734375
1190.0,1.4232737943530083,1.5278639745712281,1.3125,1.3125,1.28125,0.259765625,0.0005961200616325872,1.2019424438476562,1.2019424438476562,0.00348818302154541,5.078131655852,281.3294677734375
1200.0,1.450169950723648,1.5278639745712281,0.287109375,0.287109375,0.1767578125,0.2255859375,0.0005959185254449976,1.2019424438476562,1.2019424438476562,0.00348818302154541,5.078131655852,281.3294677734375
1210.0,1.4213999211788177,1.5278639745712281,0.330078125,0.330078125,0.24609375,0.2216796875,0.0005957119265519969,1.2019424438476562,1.2019424438476562,0.00348818302154541,5.078131655852,281.3294677734375
1220.0,1.4690006747841835,1.5278639745712281,0.353515625,0.353515625,0.28125,0.2158203125,0.00059550026888693,1.2019424438476562,1.2019424438476562,0.00348818302154541,5.078131655852,281.3294677734375
1230.0,1.4468156173825264,1.5278639745712281,0.462890625,0.462890625,0.41015625,0.2138671875,0.0005952835564794539,1.2019424438476562,1.2019424438476562,0.00348818302154541,5.078131655852,281.3294677734375
1240.0,1.4569358229637146,1.5278639745712281,0.8828125,0.8828125,0.84765625,0.248046875,0.0005950617934554607,1.2019424438476562,1.2019424438476562,0.00348818302154541,5.078131655852,281.3294677734375
1250.0,1.4320290610194206,1.5278639745712281,0.609375,0.609375,0.56640625,0.2197265625,0.0005948349840369982,1.2019424438476562,1.2019424438476562,0.00348818302154541,5.078131655852,281.3294677734375
1260.0,1.4602224826812744,1.5278639745712281,0.59765625,0.59765625,0.55859375,0.2109375,0.0005946031325421912,1.2019424438476562,1.2019424438476562,0.00348818302154541,5.078131655852,281.3294677734375
1270.0,1.4165497422218323,1.5278639745712281,0.490234375,0.490234375,0.44140625,0.21484375,0.0005943662433851575,1.2019424438476562,1.2019424438476562,0.00348818302154541,5.078131655852,281.3294677734375
1280.0,1.3864492326974869,1.5278639745712281,0.35546875,0.35546875,0.28515625,0.2119140625,0.0005941243210759257,1.2019424438476562,1.2019424438476562,0.00348818302154541,5.078131655852,281.3294677734375
1290.0,1.412243127822876,1.5278639745712281,0.37109375,0.37109375,0.306640625,0.2109375,0.0005938773702203477,1.2019424438476562,1.2019424438476562,0.00348818302154541,5.078131655852,281.3294677734375
1300.0,1.4069731459021568,1.5278639745712281,0.251953125,0.251953125,0.142578125,0.20703125,0.0005936253955200117,1.2019424438476562,1.2019424438476562,0.00348818302154541,5.078131655852,281.3294677734375
1310.0,1.4274624288082123,1.5278639745712281,0.294921875,0.294921875,0.203125,0.2138671875,0.0005933684017721528,1.2019424438476562,1.2019424438476562,0.00348818302154541,5.078131655852,281.3294677734375
1320.0,1.421390876173973,1.5278639745712281,0.275390625,0.275390625,0.1748046875,0.2119140625,0.0005931063938695615,1.2019424438476562,1.2019424438476562,0.00348818302154541,5.078131655852,281.3294677734375
1330.0,1.3950410783290863,1.5278639745712281,0.7265625,0.7265625,0.6953125,0.212890625,0.0005928393768004907,1.2019424438476562,1.2019424438476562,0.00348818302154541,5.078131655852,281.3294677734375
1340.0,1.401051588356495,1.5278639745712281,0.33203125,0.33203125,0.263671875,0.201171875,0.0005925673556485603,1.2019424438476562,1.2019424438476562,0.00348818302154541,5.078131655852,281.3294677734375
1350.0,1.4061667397618294,1.5278639745712281,0.361328125,0.361328125,0.291015625,0.2119140625,0.0005922903355926612,1.2019424438476562,1.2019424438476562,0.00348818302154541,5.078131655852,281.3294677734375
1360.0,1.386297546327114,1.5278639745712281,0.2890625,0.2890625,0.208984375,0.19921875,0.0005920083219068558,1.2019424438476562,1.2019424438476562,0.00348818302154541,5.078131655852,281.3294677734375
1370.0,1.3977555483579636,1.5278639745712281,0.345703125,0.345703125,0.27734375,0.205078125,0.000591721319960278,1.2019424438476562,1.2019424438476562,0.00348818302154541,5.078131655852,281.3294677734375
1380.0,1.402262106537819,1.5278639745712281,1.1875,1.1875,1.171875,0.2265625,0.0005914293352170313,1.2019424438476562,1.2019424438476562,0.00348818302154541,5.078131655852,281.3294677734375
1390.0,1.3752705678343773,1.5278639745712281,0.404296875,0.404296875,0.349609375,0.203125,0.0005911323732360845,1.2019424438476562,1.2019424438476562,0.00348818302154541,5.078131655852,281.3294677734375
1400.0,1.392508901655674,1.5278639745712281,0.232421875,0.232421875,0.10498046875,0.20703125,0.0005908304396711654,1.2019424438476562,1.2019424438476562,0.00348818302154541,5.078131655852,281.3294677734375
1410.0,1.3641752675175667,1.5278639745712281,0.7265625,0.7265625,0.69140625,0.2236328125,0.0005905235402706539,1.2019424438476562,1.2019424438476562,0.00348818302154541,5.078131655852,281.3294677734375
1420.0,1.371386930346489,1.5278639745712281,0.5859375,0.5859375,0.55078125,0.2041015625,0.0005902116808774724,1.2019424438476562,1.2019424438476562,0.00348818302154541,5.078131655852,281.3294677734375
1430.0,1.386824831366539,1.5278639745712281,0.466796875,0.466796875,0.416015625,0.2109375,0.000589894867428974,1.2019424438476562,1.2019424438476562,0.00348818302154541,5.078131655852,281.3294677734375
1440.0,1.3531842306256294,1.5278639745712281,0.283203125,0.283203125,0.189453125,0.2109375,0.0005895731059568303,1.2019424438476562,1.2019424438476562,0.00348818302154541,5.078131655852,281.3294677734375
1450.0,1.4051378518342972,1.5278639745712281,0.2392578125,0.2392578125,0.11376953125,0.2099609375,0.0005892464025869155,1.2019424438476562,1.2019424438476562,0.00348818302154541,5.078131655852,281.3294677734375
1460.0,1.3552830889821053,1.5278639745712281,0.419921875,0.419921875,0.3671875,0.2041015625,0.0005889147635391911,1.2019424438476562,1.2019424438476562,0.00348818302154541,5.078131655852,281.3294677734375
1470.0,1.3487571999430656,1.5278639745712281,0.55859375,0.55859375,0.51953125,0.205078125,0.0005885781951275866,1.2019424438476562,1.2019424438476562,0.00348818302154541,5.078131655852,281.3294677734375
1480.0,1.3871126994490623,1.5278639745712281,0.337890625,0.337890625,0.275390625,0.1943359375,0.0005882367037598792,1.2019424438476562,1.2019424438476562,0.00348818302154541,5.078131655852,281.3294677734375
1490.0,1.3706301227211952,1.5278639745712281,0.291015625,0.291015625,0.2099609375,0.203125,0.0005878902959375726,1.2019424438476562,1.2019424438476562,0.00348818302154541,5.078131655852,281.3294677734375
1500.0,1.3503307029604912,1.5278639745712281,1.0234375,1.0234375,0.99609375,0.22265625,0.000587538978255772,1.2019424438476562,1.2019424438476562,0.00348818302154541,5.078131655852,281.3294677734375
1510.0,1.344034917652607,1.5278639745712281,0.56640625,0.56640625,0.53125,0.19140625,0.0005871827574030601,1.2019424438476562,1.2019424438476562,0.00348818302154541,5.078131655852,281.3294677734375
1520.0,1.318660892546177,1.5278639745712281,0.69140625,0.69140625,0.66015625,0.1943359375,0.0005868216401613679,1.2019424438476562,1.2019424438476562,0.00348818302154541,5.078131655852,281.3294677734375
1530.0,1.3156866505742073,1.5278639745712281,1.1796875,1.1796875,1.1640625,0.2001953125,0.0005864556334058476,1.2019424438476562,1.2019424438476562,0.00348818302154541,5.078131655852,281.3294677734375
1540.0,1.3401277735829353,1.5278639745712281,0.453125,0.453125,0.41015625,0.1943359375,0.0005860847441047402,1.2019424438476562,1.2019424438476562,0.00348818302154541,5.078131655852,281.3294677734375
1550.0,1.3806752189993858,1.5278639745712281,0.419921875,0.419921875,0.373046875,0.19140625,0.0005857089793192432,1.2019424438476562,1.2019424438476562,0.00348818302154541,5.078131655852,281.3294677734375
1560.0,1.3296770378947258,1.5278639745712281,0.328125,0.328125,0.265625,0.19140625,0.0005853283462033765,1.2019424438476562,1.2019424438476562,0.00348818302154541,5.078131655852,281.3294677734375
1570.0,1.3550526648759842,1.5278639745712281,0.37890625,0.37890625,0.3203125,0.2001953125,0.0005849428520038459,1.2019424438476562,1.2019424438476562,0.00348818302154541,5.078131655852,281.3294677734375
1580.0,1.3436593413352966,1.5278639745712281,0.34375,0.34375,0.28125,0.197265625,0.0005845525040599055,1.2019424438476562,1.2019424438476562,0.00348818302154541,5.078131655852,281.3294677734375
1590.0,1.370670460164547,1.5278639745712281,0.416015625,0.416015625,0.37109375,0.1884765625,0.0005841573098032172,1.2019424438476562,1.2019424438476562,0.00348818302154541,5.078131655852,281.3294677734375
1600.0,1.3517850786447525,1.5278639745712281,0.439453125,0.439453125,0.3984375,0.185546875,0.0005837572767577101,1.2019424438476562,1.2019424438476562,0.00348818302154541,5.078131655852,281.3294677734375
1610.0,1.3540337905287743,1.5278639745712281,0.3828125,0.3828125,0.330078125,0.1962890625,0.0005833524125394367,1.2019424438476562,1.2019424438476562,0.00348818302154541,5.078131655852,281.3294677734375
1620.0,1.3158158287405968,1.5278639745712281,0.86328125,0.86328125,0.83984375,0.1884765625,0.0005829427248564285,1.2019424438476562,1.2019424438476562,0.00348818302154541,5.078131655852,281.3294677734375
1630.0,1.3744095340371132,1.5278639745712281,0.25,0.25,0.13671875,0.2099609375,0.000582528221508548,1.2019424438476562,1.2019424438476562,0.00348818302154541,5.078131655852,281.3294677734375
1640.0,1.269064113497734,1.5278639745712281,0.38671875,0.38671875,0.333984375,0.193359375,0.0005821089103873415,1.2019424438476562,1.2019424438476562,0.00348818302154541,5.078131655852,281.3294677734375
1650.0,1.315517857670784,1.5278639745712281,0.6484375,0.6484375,0.62109375,0.189453125,0.0005816847994758883,1.2019424438476562,1.2019424438476562,0.00348818302154541,5.078131655852,281.3294677734375
1660.0,1.3514046967029572,1.5278639745712281,0.2109375,0.2109375,0.08544921875,0.1923828125,0.0005812558968486491,1.2019424438476562,1.2019424438476562,0.00348818302154541,5.078131655852,281.3294677734375
1670.0,1.3146416768431664,1.5278639745712281,0.376953125,0.376953125,0.328125,0.1865234375,0.0005808222106713115,1.2019424438476562,1.2019424438476562,0.00348818302154541,5.078131655852,281.3294677734375
1680.0,1.3113763853907585,1.5278639745712281,0.6015625,0.6015625,0.5703125,0.1884765625,0.000580383749200635,1.2019424438476562,1.2019424438476562,0.00348818302154541,5.078131655852,281.3294677734375
1690.0,1.3375030755996704,1.5278639745712281,0.671875,0.671875,0.64453125,0.1943359375,0.0005799405207842941,1.2019424438476562,1.2019424438476562,0.00348818302154541,5.078131655852,281.3294677734375
1700.0,1.3428325280547142,1.5278639745712281,0.40234375,0.40234375,0.35546875,0.1884765625,0.0005794925338607191,1.2019424438476562,1.2019424438476562,0.00348818302154541,5.078131655852,281.3294677734375
1710.0,1.2928714379668236,1.5278639745712281,0.447265625,0.447265625,0.408203125,0.18359375,0.0005790397969589352,1.2019424438476562,1.2019424438476562,0.00348818302154541,5.078131655852,281.3294677734375
1720.0,1.2813204675912857,1.5278639745712281,0.265625,0.265625,0.19140625,0.185546875,0.0005785823186984001,1.2019424438476562,1.2019424438476562,0.00348818302154541,5.078131655852,281.3294677734375
1730.0,1.271242655813694,1.5278639745712281,0.515625,0.515625,0.484375,0.181640625,0.0005781201077888409,1.2019424438476562,1.2019424438476562,0.00348818302154541,5.078131655852,281.3294677734375
1740.0,1.3033152669668198,1.5278639745712281,0.62109375,0.62109375,0.58984375,0.203125,0.0005776531730300868,1.2019424438476562,1.2019424438476562,0.00348818302154541,5.078131655852,281.3294677734375
1750.0,1.386405698955059,1.5278639745712281,0.7890625,0.7890625,0.76171875,0.205078125,0.0005771815233119025,1.2019424438476562,1.2019424438476562,0.00348818302154541,5.078131655852,281.3294677734375
1760.0,1.287546269595623,1.5278639745712281,0.71875,0.71875,0.69140625,0.193359375,0.0005767051676138189,1.2019424438476562,1.2019424438476562,0.00348818302154541,5.078131655852,281.3294677734375
1770.0,1.27936851978302,1.5278639745712281,0.6015625,0.6015625,0.57421875,0.181640625,0.0005762241150049617,1.2019424438476562,1.2019424438476562,0.00348818302154541,5.078131655852,281.3294677734375
1780.0,1.2956595718860626,1.5278639745712281,0.44140625,0.44140625,0.400390625,0.1884765625,0.0005757383746438792,1.2019424438476562,1.2019424438476562,0.00348818302154541,5.078131655852,281.3294677734375
1790.0,1.2394467517733574,1.5278639745712281,0.361328125,0.361328125,0.30859375,0.1875,0.0005752479557783678,1.2019424438476562,1.2019424438476562,0.00348818302154541,5.078131655852,281.3294677734375
1800.0,1.2729351744055748,1.5278639745712281,0.70703125,0.70703125,0.68359375,0.1884765625,0.0005747528677452957,1.2019424438476562,1.2019424438476562,0.00348818302154541,5.078131655852,281.3294677734375
1810.0,1.2904860451817513,1.5278639745712281,0.2373046875,0.2373046875,0.1611328125,0.173828125,0.0005742531199704254,1.2019424438476562,1.2019424438476562,0.00348818302154541,5.078131655852,281.3294677734375
1820.0,1.3129435181617737,1.5278639745712281,0.65625,0.65625,0.62890625,0.1806640625,0.0005737487219682341,1.2019424438476562,1.2019424438476562,0.00348818302154541,5.078131655852,281.3294677734375
1830.0,1.278107576072216,1.5278639745712281,0.421875,0.421875,0.380859375,0.18359375,0.0005732396833417327,1.2019424438476562,1.2019424438476562,0.00348818302154541,5.078131655852,281.3294677734375
1840.0,1.3051476702094078,1.5278639745712281,0.470703125,0.470703125,0.4375,0.17578125,0.000572726013782283,1.2019424438476562,1.2019424438476562,0.00348818302154541,5.078131655852,281.3294677734375
1850.0,1.3028007000684738,1.5278639745712281,0.2734375,0.2734375,0.20703125,0.1787109375,0.0005722077230694129,1.2019424438476562,1.2019424438476562,0.00348818302154541,5.078131655852,281.3294677734375
1860.0,1.289022259414196,1.5278639745712281,0.361328125,0.361328125,0.314453125,0.17578125,0.0005716848210706306,1.2019424438476562,1.2019424438476562,0.00348818302154541,5.078131655852,281.3294677734375
1870.0,1.3211385756731033,1.5278639745712281,0.30859375,0.30859375,0.251953125,0.1787109375,0.000571157317741236,1.2019424438476562,1.2019424438476562,0.00348818302154541,5.078131655852,281.3294677734375
1880.0,1.2809168919920921,1.5278639745712281,0.205078125,0.205078125,0.10791015625,0.1748046875,0.0005706252231241326,1.2019424438476562,1.2019424438476562,0.00348818302154541,5.078131655852,281.3294677734375
1890.0,1.2593226954340935,1.5278639745712281,0.2451171875,0.2451171875,0.1640625,0.181640625,0.0005700885473496346,1.2019424438476562,1.2019424438476562,0.00348818302154541,5.078131655852,281.3294677734375
1900.0,1.2845991849899292,1.5278639745712281,0.5,0.5,0.466796875,0.1796875,0.0005695473006352755,1.2019424438476562,1.2019424438476562,0.00348818302154541,5.078131655852,281.3294677734375
1910.0,1.313517078757286,1.5278639745712281,0.26171875,0.26171875,0.1650390625,0.203125,0.000569001493285612,1.2019424438476562,1.2019424438476562,0.00348818302154541,5.078131655852,281.3294677734375
1920.0,1.2758088037371635,1.5278639745712281,0.451171875,0.451171875,0.4140625,0.1796875,0.0005684511356920296,1.2019424438476562,1.2019424438476562,0.00348818302154541,5.078131655852,281.3294677734375
1930.0,1.2733492031693459,1.5278639745712281,0.90234375,0.90234375,0.8828125,0.1943359375,0.0005678962383325438,1.2019424438476562,1.2019424438476562,0.00348818302154541,5.078131655852,281.3294677734375
1940.0,1.2776533216238022,1.5278639745712281,0.423828125,0.423828125,0.384765625,0.17578125,0.0005673368117715999,1.2019424438476562,1.2019424438476562,0.00348818302154541,5.078131655852,281.3294677734375
1950.0,1.2331656143069267,1.5278639745712281,0.396484375,0.396484375,0.34765625,0.189453125,0.0005667728666598737,1.2019424438476562,1.2019424438476562,0.00348818302154541,5.078131655852,281.3294677734375
1960.0,1.2721571326255798,1.5278639745712281,0.54296875,0.54296875,0.51171875,0.17578125,0.000566204413734067,1.2019424438476562,1.2019424438476562,0.00348818302154541,5.078131655852,281.3294677734375
1970.0,1.3348461985588074,1.5278639745712281,0.349609375,0.349609375,0.30078125,0.177734375,0.000565631463816704,1.2019424438476562,1.2019424438476562,0.00348818302154541,5.078131655852,281.3294677734375
1980.0,1.2720280960202217,1.5278639745712281,0.31640625,0.31640625,0.267578125,0.169921875,0.0005650540278159257,1.2019424438476562,1.2019424438476562,0.00348818302154541,5.078131655852,281.3294677734375
1990.0,1.2717274203896523,1.5278639745712281,0.60546875,0.60546875,0.578125,0.177734375,0.0005644721167252806,1.2019424438476562,1.2019424438476562,0.00348818302154541,5.078131655852,281.3294677734375
2000.0,1.267178736627102,1.2990735459327698,0.306640625,0.306640625,0.251953125,0.1748046875,0.0005638857416235175,1.2019424438476562,1.2019424438476562,0.00348818302154541,4.13426751891772,483.1517639160156
2010.0,1.2689784690737724,1.2990735459327698,0.56640625,0.56640625,0.53515625,0.1875,0.0005632949136743727,1.2019424438476562,1.2019424438476562,0.00348818302154541,4.13426751891772,483.1517639160156
2020.0,1.2783539965748787,1.2990735459327698,0.546875,0.546875,0.515625,0.1796875,0.0005626996441263591,1.2019424438476562,1.2019424438476562,0.00348818302154541,4.13426751891772,483.1517639160156
2030.0,1.2448143884539604,1.2990735459327698,0.224609375,0.224609375,0.142578125,0.173828125,0.0005620999443125504,1.2019424438476562,1.2019424438476562,0.00348818302154541,4.13426751891772,483.1517639160156
2040.0,1.2635328471660614,1.2990735459327698,0.314453125,0.314453125,0.263671875,0.1728515625,0.0005614958256503673,1.2019424438476562,1.2019424438476562,0.00348818302154541,4.13426751891772,483.1517639160156
2050.0,1.2488451078534126,1.2990735459327698,0.466796875,0.466796875,0.43359375,0.17578125,0.0005608872996413574,1.2019424438476562,1.2019424438476562,0.00348818302154541,4.13426751891772,483.1517639160156
2060.0,1.2373583167791367,1.2990735459327698,0.255859375,0.255859375,0.1904296875,0.1708984375,0.0005602743778709794,1.2019424438476562,1.2019424438476562,0.00348818302154541,4.13426751891772,483.1517639160156
2070.0,1.2475440204143524,1.2990735459327698,0.443359375,0.443359375,0.408203125,0.171875,0.0005596570720083802,1.2019424438476562,1.2019424438476562,0.00348818302154541,4.13426751891772,483.1517639160156
2080.0,1.2501703053712845,1.2990735459327698,0.34765625,0.34765625,0.30078125,0.17578125,0.0005590353938061735,1.2019424438476562,1.2019424438476562,0.00348818302154541,4.13426751891772,483.1517639160156
2090.0,1.2927694097161293,1.2990735459327698,0.328125,0.328125,0.275390625,0.1796875,0.0005584093551002159,1.2019424438476562,1.2019424438476562,0.00348818302154541,4.13426751891772,483.1517639160156
2100.0,1.2556242868304253,1.2990735459327698,0.453125,0.453125,0.419921875,0.1728515625,0.0005577789678093824,1.2019424438476562,1.2019424438476562,0.00348818302154541,4.13426751891772,483.1517639160156
2110.0,1.2315547168254852,1.2990735459327698,0.2578125,0.2578125,0.197265625,0.1669921875,0.0005571442439353382,1.2019424438476562,1.2019424438476562,0.00348818302154541,4.13426751891772,483.1517639160156
2120.0,1.2794475704431534,1.2990735459327698,0.2490234375,0.2490234375,0.1787109375,0.1728515625,0.0005565051955623106,1.2019424438476562,1.2019424438476562,0.00348818302154541,4.13426751891772,483.1517639160156
2130.0,1.2448669597506523,1.2990735459327698,0.291015625,0.291015625,0.234375,0.1708984375,0.0005558618348568598,1.2019424438476562,1.2019424438476562,0.00348818302154541,4.13426751891772,483.1517639160156
2140.0,1.258990153670311,1.2990735459327698,0.81640625,0.81640625,0.796875,0.1728515625,0.0005552141740676462,1.2019424438476562,1.2019424438476562,0.00348818302154541,4.13426751891772,483.1517639160156
2150.0,1.268150508403778,1.2990735459327698,0.267578125,0.267578125,0.208984375,0.1669921875,0.0005545622255251977,1.2019424438476562,1.2019424438476562,0.00348818302154541,4.13426751891772,483.1517639160156
2160.0,1.2278575077652931,1.2990735459327698,0.421875,0.421875,0.384765625,0.171875,0.0005539060016416745,1.2019424438476562,1.2019424438476562,0.00348818302154541,4.13426751891772,483.1517639160156
2170.0,1.2463803216814995,1.2990735459327698,0.21875,0.21875,0.12060546875,0.1826171875,0.0005532455149106336,1.2019424438476562,1.2019424438476562,0.00348818302154541,4.13426751891772,483.1517639160156
2180.0,1.291821539402008,1.2990735459327698,0.404296875,0.404296875,0.365234375,0.1728515625,0.0005525807779067902,1.2019424438476562,1.2019424438476562,0.00348818302154541,4.13426751891772,483.1517639160156
2190.0,1.2437333762645721,1.2990735459327698,0.37109375,0.37109375,0.32421875,0.1806640625,0.000551911803285779,1.2019424438476562,1.2019424438476562,0.00348818302154541,4.13426751891772,483.1517639160156
2200.0,1.257793828845024,1.2990735459327698,0.27734375,0.27734375,0.220703125,0.1689453125,0.0005512386037839121,1.2019424438476562,1.2019424438476562,0.00348818302154541,4.13426751891772,483.1517639160156
2210.0,1.2492197304964066,1.2990735459327698,0.193359375,0.193359375,0.10400390625,0.1640625,0.0005505611922179377,1.2019424438476562,1.2019424438476562,0.00348818302154541,4.13426751891772,483.1517639160156
2220.0,1.270095869898796,1.2990735459327698,0.4140625,0.4140625,0.373046875,0.177734375,0.0005498795814847957,1.2019424438476562,1.2019424438476562,0.00348818302154541,4.13426751891772,483.1517639160156
2230.0,1.2325867488980293,1.2990735459327698,0.85546875,0.85546875,0.8359375,0.177734375,0.0005491937845613717,1.2019424438476562,1.2019424438476562,0.00348818302154541,4.13426751891772,483.1517639160156
2240.0,1.214222528040409,1.2990735459327698,0.259765625,0.259765625,0.2041015625,0.1611328125,0.0005485038145042506,1.2019424438476562,1.2019424438476562,0.00348818302154541,4.13426751891772,483.1517639160156
2250.0,1.2236567586660385,1.2990735459327698,0.80859375,0.80859375,0.79296875,0.171875,0.000547809684449468,1.2019424438476562,1.2019424438476562,0.00348818302154541,4.13426751891772,483.1517639160156
2260.0,1.230983056128025,1.2990735459327698,0.58984375,0.58984375,0.56640625,0.169921875,0.0005471114076122593,1.2019424438476562,1.2019424438476562,0.00348818302154541,4.13426751891772,483.1517639160156
2270.0,1.2292229682207108,1.2990735459327698,0.625,0.625,0.6015625,0.1689453125,0.0005464089972868091,1.2019424438476562,1.2019424438476562,0.00348818302154541,4.13426751891772,483.1517639160156
2280.0,1.2366641089320183,1.2990735459327698,0.197265625,0.197265625,0.109375,0.1630859375,0.0005457024668459973,1.2019424438476562,1.2019424438476562,0.00348818302154541,4.13426751891772,483.1517639160156
2290.0,1.2353278622031212,1.2990735459327698,1.15625,1.15625,1.140625,0.1787109375,0.0005449918297411452,1.2019424438476562,1.2019424438476562,0.00348818302154541,4.13426751891772,483.1517639160156
2300.0,1.2437749803066254,1.2990735459327698,0.5625,0.5625,0.53125,0.1845703125,0.000544277099501759,1.2019424438476562,1.2019424438476562,0.00348818302154541,4.13426751891772,483.1517639160156
2310.0,1.2383812367916107,1.2990735459327698,0.359375,0.359375,0.31640625,0.169921875,0.0005435582897352719,1.2019424438476562,1.2019424438476562,0.00348818302154541,4.13426751891772,483.1517639160156
2320.0,1.2655883133411407,1.2990735459327698,0.3984375,0.3984375,0.359375,0.1708984375,0.000542835414126786,1.2019424438476562,1.2019424438476562,0.00348818302154541,4.13426751891772,483.1517639160156
2330.0,1.1702718883752823,1.2990735459327698,0.2470703125,0.2470703125,0.1826171875,0.1669921875,0.0005421084864388106,1.2019424438476562,1.2019424438476562,0.00348818302154541,4.13426751891772,483.1517639160156
2340.0,1.2152682021260262,1.2990735459327698,1.109375,1.109375,1.09375,0.17578125,0.0005413775205110014,1.2019424438476562,1.2019424438476562,0.00348818302154541,4.13426751891772,483.1517639160156
2350.0,1.2634362801909447,1.2990735459327698,0.2080078125,0.2080078125,0.12353515625,0.16796875,0.0005406425302598957,1.2019424438476562,1.2019424438476562,0.00348818302154541,4.13426751891772,483.1517639160156
2360.0,1.2197859287261963,1.2990735459327698,0.2109375,0.2109375,0.126953125,0.1689453125,0.0005399035296786486,1.2019424438476562,1.2019424438476562,0.00348818302154541,4.13426751891772,483.1517639160156
2370.0,1.2800504192709923,1.2990735459327698,0.369140625,0.369140625,0.330078125,0.1630859375,0.0005391605328367657,1.2019424438476562,1.2019424438476562,0.00348818302154541,4.13426751891772,483.1517639160156
2380.0,1.232190079987049,1.2990735459327698,0.212890625,0.212890625,0.1416015625,0.1591796875,0.0005384135538798362,1.2019424438476562,1.2019424438476562,0.00348818302154541,4.13426751891772,483.1517639160156
2390.0,1.2578229531645775,1.2990735459327698,0.1884765625,0.1884765625,0.0869140625,0.1669921875,0.0005376626070292623,1.2019424438476562,1.2019424438476562,0.00348818302154541,4.13426751891772,483.1517639160156
2400.0,1.2627198621630669,1.2990735459327698,0.388671875,0.388671875,0.345703125,0.1748046875,0.0005369077065819898,1.2019424438476562,1.2019424438476562,0.00348818302154541,4.13426751891772,483.1517639160156
2410.0,1.2095135673880577,1.2990735459327698,1.0,1.0,0.98828125,0.18359375,0.0005361488669102352,1.2019424438476562,1.2019424438476562,0.00348818302154541,4.13426751891772,483.1517639160156
2420.0,1.238586165010929,1.2990735459327698,0.357421875,0.357421875,0.314453125,0.1708984375,0.0005353861024612117,1.2019424438476562,1.2019424438476562,0.00348818302154541,4.13426751891772,483.1517639160156
2430.0,1.213413868099451,1.2990735459327698,0.21484375,0.21484375,0.1376953125,0.1640625,0.0005346194277568551,1.2019424438476562,1.2019424438476562,0.00348818302154541,4.13426751891772,483.1517639160156
2440.0,1.2467189356684685,1.2990735459327698,0.263671875,0.263671875,0.205078125,0.1650390625,0.0005338488573935464,1.2019424438476562,1.2019424438476562,0.00348818302154541,4.13426751891772,483.1517639160156
2450.0,1.1866623759269714,1.2990735459327698,0.1962890625,0.1962890625,0.11279296875,0.16015625,0.0005330744060418348,1.2019424438476562,1.2019424438476562,0.00348818302154541,4.13426751891772,483.1517639160156
2460.0,1.1728517189621925,1.2990735459327698,0.48828125,0.48828125,0.4609375,0.162109375,0.0005322960884461578,1.2019424438476562,1.2019424438476562,0.00348818302154541,4.13426751891772,483.1517639160156
2470.0,1.2049112543463707,1.2990735459327698,0.32421875,0.32421875,0.279296875,0.1640625,0.0005315139194245601,1.2019424438476562,1.2019424438476562,0.00348818302154541,4.13426751891772,483.1517639160156
2480.0,1.2196249291300774,1.2990735459327698,0.3359375,0.3359375,0.291015625,0.1650390625,0.0005307279138684125,1.2019424438476562,1.2019424438476562,0.00348818302154541,4.13426751891772,483.1517639160156
2490.0,1.203301526606083,1.2990735459327698,0.255859375,0.255859375,0.197265625,0.162109375,0.0005299380867421282,1.2019424438476562,1.2019424438476562,0.00348818302154541,4.13426751891772,483.1517639160156
2500.0,1.2052362337708473,1.2990735459327698,0.388671875,0.388671875,0.3515625,0.16796875,0.0005291444530828768,1.2019424438476562,1.2019424438476562,0.00348818302154541,4.13426751891772,483.1517639160156
2510.0,1.1893550232052803,1.2990735459327698,0.3671875,0.3671875,0.328125,0.162109375,0.0005283470280002992,1.2019424438476562,1.2019424438476562,0.00348818302154541,4.13426751891772,483.1517639160156
2520.0,1.2021600529551506,1.2990735459327698,0.5234375,0.5234375,0.49609375,0.1640625,0.0005275458266762196,1.2019424438476562,1.2019424438476562,0.00348818302154541,4.13426751891772,483.1517639160156
2530.0,1.2175464183092117,1.2990735459327698,0.423828125,0.423828125,0.390625,0.1669921875,0.0005267408643643563,1.2019424438476562,1.2019424438476562,0.00348818302154541,4.13426751891772,483.1517639160156
2540.0,1.216565027832985,1.2990735459327698,0.310546875,0.310546875,0.259765625,0.16796875,0.0005259321563900311,1.2019424438476562,1.2019424438476562,0.00348818302154541,4.13426751891772,483.1517639160156
2550.0,1.2067557573318481,1.2990735459327698,0.3828125,0.3828125,0.34375,0.16796875,0.0005251197181498786,1.2019424438476562,1.2019424438476562,0.00348818302154541,4.13426751891772,483.1517639160156
2560.0,1.1976948231458664,1.2990735459327698,0.83984375,0.83984375,0.82421875,0.1630859375,0.0005243035651115516,1.2019424438476562,1.2019424438476562,0.00348818302154541,4.13426751891772,483.1517639160156
2570.0,1.1905508562922478,1.2990735459327698,0.30859375,0.30859375,0.2578125,0.169921875,0.0005234837128134273,1.2019424438476562,1.2019424438476562,0.00348818302154541,4.13426751891772,483.1517639160156
2580.0,1.1756611838936806,1.2990735459327698,0.3125,0.3125,0.265625,0.1611328125,0.0005226601768643118,1.2019424438476562,1.2019424438476562,0.00348818302154541,4.13426751891772,483.1517639160156
2590.0,1.2478931173682213,1.2990735459327698,0.318359375,0.318359375,0.267578125,0.1728515625,0.0005218329729431426,1.2019424438476562,1.2019424438476562,0.00348818302154541,4.13426751891772,483.1517639160156
2600.0,1.1851893439888954,1.2990735459327698,0.330078125,0.330078125,0.287109375,0.1640625,0.0005210021167986897,1.2019424438476562,1.2019424438476562,0.00348818302154541,4.13426751891772,483.1517639160156
2610.0,1.1982885897159576,1.2990735459327698,0.33203125,0.33203125,0.291015625,0.158203125,0.0005201676242492567,1.2019424438476562,1.2019424438476562,0.00348818302154541,4.13426751891772,483.1517639160156
2620.0,1.1933898031711578,1.2990735459327698,0.70703125,0.70703125,0.6875,0.1640625,0.0005193295111823786,1.2019424438476562,1.2019424438476562,0.00348818302154541,4.13426751891772,483.1517639160156
2630.0,1.1984969973564148,1.2990735459327698,0.27734375,0.27734375,0.2236328125,0.162109375,0.0005184877935545201,1.2019424438476562,1.2019424438476562,0.00348818302154541,4.13426751891772,483.1517639160156
2640.0,1.20834518969059,1.2990735459327698,0.193359375,0.193359375,0.10302734375,0.1640625,0.0005176424873907719,1.2019424438476562,1.2019424438476562,0.00348818302154541,4.13426751891772,483.1517639160156
2650.0,1.210325300693512,1.2990735459327698,0.474609375,0.474609375,0.443359375,0.1689453125,0.0005167936087845445,1.2019424438476562,1.2019424438476562,0.00348818302154541,4.13426751891772,483.1517639160156
2660.0,1.1594852581620216,1.2990735459327698,0.46484375,0.46484375,0.439453125,0.15625,0.0005159411738972629,1.2019424438476562,1.2019424438476562,0.00348818302154541,4.13426751891772,483.1517639160156
2670.0,1.161448135972023,1.2990735459327698,0.408203125,0.408203125,0.375,0.1611328125,0.0005150851989580588,1.2019424438476562,1.2019424438476562,0.00348818302154541,4.13426751891772,483.1517639160156
2680.0,1.219217598438263,1.2990735459327698,0.259765625,0.259765625,0.205078125,0.1591796875,0.0005142257002634611,1.2019424438476562,1.2019424438476562,0.00348818302154541,4.13426751891772,483.1517639160156
2690.0,1.2054708302021027,1.2990735459327698,0.349609375,0.349609375,0.30859375,0.1650390625,0.0005133626941770861,1.2019424438476562,1.2019424438476562,0.00348818302154541,4.13426751891772,483.1517639160156
2700.0,1.1583848372101784,1.2990735459327698,0.59765625,0.59765625,0.57421875,0.1748046875,0.0005124961971293255,1.2019424438476562,1.2019424438476562,0.00348818302154541,4.13426751891772,483.1517639160156
2710.0,1.1688016429543495,1.2990735459327698,0.6640625,0.6640625,0.64453125,0.166015625,0.0005116262256170343,1.2019424438476562,1.2019424438476562,0.00348818302154541,4.13426751891772,483.1517639160156
2720.0,1.2268947139382362,1.2990735459327698,0.4453125,0.4453125,0.4140625,0.1650390625,0.0005107527962032159,1.2019424438476562,1.2019424438476562,0.00348818302154541,4.13426751891772,483.1517639160156
2730.0,1.2052685245871544,1.2990735459327698,0.51171875,0.51171875,0.486328125,0.1591796875,0.0005098759255167072,1.2019424438476562,1.2019424438476562,0.00348818302154541,4.13426751891772,483.1517639160156
2740.0,1.195729024708271,1.2990735459327698,0.31640625,0.31640625,0.2734375,0.15625,0.0005089956302518624,1.2019424438476562,1.2019424438476562,0.00348818302154541,4.13426751891772,483.1517639160156
2750.0,1.191648207604885,1.2990735459327698,0.177734375,0.177734375,0.0673828125,0.1650390625,0.000508111927168234,1.2019424438476562,1.2019424438476562,0.00348818302154541,4.13426751891772,483.1517639160156
2760.0,1.2097832038998604,1.2990735459327698,0.384765625,0.384765625,0.349609375,0.1630859375,0.0005072248330902553,1.2019424438476562,1.2019424438476562,0.00348818302154541,4.13426751891772,483.1517639160156
2770.0,1.1924297213554382,1.2990735459327698,0.482421875,0.482421875,0.453125,0.1630859375,0.0005063343649069187,1.2019424438476562,1.2019424438476562,0.00348818302154541,4.13426751891772,483.1517639160156
2780.0,1.2095638737082481,1.2990735459327698,0.2392578125,0.2392578125,0.1787109375,0.158203125,0.0005054405395714547,1.2019424438476562,1.2019424438476562,0.00348818302154541,4.13426751891772,483.1517639160156
2790.0,1.223442018032074,1.2990735459327698,0.326171875,0.326171875,0.279296875,0.1689453125,0.0005045433741010094,1.2019424438476562,1.2019424438476562,0.00348818302154541,4.13426751891772,483.1517639160156
2800.0,1.2436129301786423,1.2990735459327698,0.3125,0.3125,0.267578125,0.16015625,0.0005036428855763201,1.2019424438476562,1.2019424438476562,0.00348818302154541,4.13426751891772,483.1517639160156
2810.0,1.187824785709381,1.2990735459327698,0.87890625,0.87890625,0.86328125,0.158203125,0.0005027390911413901,1.2019424438476562,1.2019424438476562,0.00348818302154541,4.13426751891772,483.1517639160156
2820.0,1.150386519730091,1.2990735459327698,0.447265625,0.447265625,0.41796875,0.158203125,0.000501832008003163,1.2019424438476562,1.2019424438476562,0.00348818302154541,4.13426751891772,483.1517639160156
2830.0,1.1632744520902634,1.2990735459327698,0.228515625,0.228515625,0.158203125,0.1640625,0.000500921653431194,1.2019424438476562,1.2019424438476562,0.00348818302154541,4.13426751891772,483.1517639160156
2840.0,1.1825656741857529,1.2990735459327698,0.203125,0.203125,0.1259765625,0.1591796875,0.0005000080447573218,1.2019424438476562,1.2019424438476562,0.00348818302154541,4.13426751891772,483.1517639160156
2850.0,1.1898412629961967,1.2990735459327698,0.322265625,0.322265625,0.27734375,0.162109375,0.0004990911993753388,1.2019424438476562,1.2019424438476562,0.00348818302154541,4.13426751891772,483.1517639160156
2860.0,1.1765327379107475,1.2990735459327698,0.2099609375,0.2099609375,0.134765625,0.1611328125,0.0004981711347406594,1.2019424438476562,1.2019424438476562,0.00348818302154541,4.13426751891772,483.1517639160156
2870.0,1.2090113013982773,1.2990735459327698,0.220703125,0.220703125,0.150390625,0.1611328125,0.000497247868369988,1.2019424438476562,1.2019424438476562,0.00348818302154541,4.13426751891772,483.1517639160156
2880.0,1.1802000105381012,1.2990735459327698,0.640625,0.640625,0.6171875,0.1630859375,0.0004963214178409856,1.2019424438476562,1.2019424438476562,0.00348818302154541,4.13426751891772,483.1517639160156
2890.0,1.179160475730896,1.2990735459327698,0.66015625,0.66015625,0.640625,0.15625,0.0004953918007919345,1.2019424438476562,1.2019424438476562,0.00348818302154541,4.13426751891772,483.1517639160156
2900.0,1.194439873099327,1.2990735459327698,0.41796875,0.41796875,0.38671875,0.158203125,0.0004944590349214036,1.2019424438476562,1.2019424438476562,0.00348818302154541,4.13426751891772,483.1517639160156
2910.0,1.1664901673793793,1.2990735459327698,0.310546875,0.310546875,0.265625,0.1611328125,0.0004935231379879103,1.2019424438476562,1.2019424438476562,0.00348818302154541,4.13426751891772,483.1517639160156
2920.0,1.2012599036097527,1.2990735459327698,0.5703125,0.5703125,0.546875,0.1650390625,0.0004925841278095832,1.2019424438476562,1.2019424438476562,0.00348818302154541,4.13426751891772,483.1517639160156
2930.0,1.2012203484773636,1.2990735459327698,0.8359375,0.8359375,0.8203125,0.162109375,0.0004916420222638228,1.2019424438476562,1.2019424438476562,0.00348818302154541,4.13426751891772,483.1517639160156
2940.0,1.189866878092289,1.2990735459327698,0.345703125,0.345703125,0.3046875,0.1630859375,0.0004906968392869601,1.2019424438476562,1.2019424438476562,0.00348818302154541,4.13426751891772,483.1517639160156
2950.0,1.2040427029132843,1.2990735459327698,0.328125,0.328125,0.283203125,0.1630859375,0.0004897485968739171,1.2019424438476562,1.2019424438476562,0.00348818302154541,4.13426751891772,483.1517639160156
2960.0,1.1571253389120102,1.2990735459327698,0.1962890625,0.1962890625,0.1171875,0.158203125,0.0004887973130778623,1.2019424438476562,1.2019424438476562,0.00348818302154541,4.13426751891772,483.1517639160156
2970.0,1.1872833371162415,1.2990735459327698,0.32421875,0.32421875,0.28125,0.162109375,0.0004878430060098678,1.2019424438476562,1.2019424438476562,0.00348818302154541,4.13426751891772,483.1517639160156
2980.0,1.1271817535161972,1.2990735459327698,0.181640625,0.181640625,0.09423828125,0.1552734375,0.0004868856938385647,1.2019424438476562,1.2019424438476562,0.00348818302154541,4.13426751891772,483.1517639160156
2990.0,1.1906357109546661,1.2990735459327698,0.328125,0.328125,0.287109375,0.1591796875,0.0004859253947897968,1.2019424438476562,1.2019424438476562,0.00348818302154541,4.13426751891772,483.1517639160156
3000.0,1.1690968796610832,1.2063920974731446,0.48828125,0.48828125,0.4609375,0.1630859375,0.00048496212714627373,1.2019424438476562,1.2019424438476562,0.00348818302154541,3.8785123030344644,616.4216918945312
3010.0,1.180899478495121,1.2063920974731446,0.59765625,0.59765625,0.57421875,0.1630859375,0.0004839959092472228,1.2019424438476562,1.2019424438476562,0.00348818302154541,3.8785123030344644,616.4216918945312
3020.0,1.1769919022917747,1.2063920974731446,0.349609375,0.349609375,0.310546875,0.158203125,0.0004830267594880402,1.2019424438476562,1.2019424438476562,0.00348818302154541,3.8785123030344644,616.4216918945312
3030.0,1.1455262303352356,1.2063920974731446,0.369140625,0.369140625,0.3359375,0.1533203125,0.00048205469631994023,1.2019424438476562,1.2019424438476562,0.00348818302154541,3.8785123030344644,616.4216918945312
3040.0,1.1473341882228851,1.2063920974731446,0.2578125,0.2578125,0.20703125,0.154296875,0.00048107973824960444,1.2019424438476562,1.2019424438476562,0.00348818302154541,3.8785123030344644,616.4216918945312
3050.0,1.1534339562058449,1.2063920974731446,0.30859375,0.30859375,0.265625,0.1572265625,0.0004801019038388293,1.2019424438476562,1.2019424438476562,0.00348818302154541,3.8785123030344644,616.4216918945312
3060.0,1.146656859666109,1.2063920974731446,0.4140625,0.4140625,0.3828125,0.158203125,0.00047912121170417215,1.2019424438476562,1.2019424438476562,0.00348818302154541,3.8785123030344644,616.4216918945312
3070.0,1.151793822646141,1.2063920974731446,0.2431640625,0.2431640625,0.1845703125,0.158203125,0.00047813768051659767,1.2019424438476562,1.2019424438476562,0.00348818302154541,3.8785123030344644,616.4216918945312
3080.0,1.1392421498894691,1.2063920974731446,0.447265625,0.447265625,0.416015625,0.1640625,0.00047715132900112223,1.2019424438476562,1.2019424438476562,0.00348818302154541,3.8785123030344644,616.4216918945312
3090.0,1.1643725708127022,1.2063920974731446,0.25390625,0.25390625,0.2001953125,0.1552734375,0.00047616217593645656,1.2019424438476562,1.2019424438476562,0.00348818302154541,3.8785123030344644,616.4216918945312
3100.0,1.126422967761755,1.2063920974731446,0.193359375,0.193359375,0.10888671875,0.1591796875,0.0004751702401546493,1.2019424438476562,1.2019424438476562,0.00348818302154541,3.8785123030344644,616.4216918945312
3110.0,1.1370721533894539,1.2063920974731446,0.19140625,0.19140625,0.1083984375,0.1572265625,0.000474175540540728,1.2019424438476562,1.2019424438476562,0.00348818302154541,3.8785123030344644,616.4216918945312
3120.0,1.1402668505907059,1.2063920974731446,0.2177734375,0.2177734375,0.150390625,0.1572265625,0.00047317809603233924,1.2019424438476562,1.2019424438476562,0.00348818302154541,3.8785123030344644,616.4216918945312
3130.0,1.129461970180273,1.2063920974731446,0.318359375,0.318359375,0.271484375,0.1650390625,0.0004721779256193888,1.2019424438476562,1.2019424438476562,0.00348818302154541,3.8785123030344644,616.4216918945312
3140.0,1.1575778871774673,1.2063920974731446,0.494140625,0.494140625,0.466796875,0.1650390625,0.00047117504834367975,1.2019424438476562,1.2019424438476562,0.00348818302154541,3.8785123030344644,616.4216918945312
3150.0,1.1657159477472305,1.2063920974731446,0.265625,0.265625,0.216796875,0.1533203125,0.0004701694832985496,1.2019424438476562,1.2019424438476562,0.00348818302154541,3.8785123030344644,616.4216918945312
3160.0,1.1360844820737839,1.2063920974731446,0.240234375,0.240234375,0.1826171875,0.1552734375,0.00046916124962850743,1.2019424438476562,1.2019424438476562,0.00348818302154541,3.8785123030344644,616.4216918945312
3170.0,1.1734241172671318,1.2063920974731446,0.18359375,0.18359375,0.08642578125,0.162109375,0.00046815036652886896,1.2019424438476562,1.2019424438476562,0.00348818302154541,3.8785123030344644,616.4216918945312
3180.0,1.123224250972271,1.2063920974731446,0.1845703125,0.1845703125,0.0888671875,0.1611328125,0.0004671368532453912,1.2019424438476562,1.2019424438476562,0.00348818302154541,3.8785123030344644,616.4216918945312
3190.0,1.1464446634054184,1.2063920974731446,0.54296875,0.54296875,0.5234375,0.1533203125,0.0004661207290739063,1.2019424438476562,1.2019424438476562,0.00348818302154541,3.8785123030344644,616.4216918945312
3200.0,1.1734377965331078,1.2063920974731446,0.431640625,0.431640625,0.400390625,0.162109375,0.0004651020133599535,1.2019424438476562,1.2019424438476562,0.00348818302154541,3.8785123030344644,616.4216918945312
3210.0,1.1265344768762589,1.2063920974731446,0.1796875,0.1796875,0.08935546875,0.15625,0.0004640807254984117,1.2019424438476562,1.2019424438476562,0.00348818302154541,3.8785123030344644,616.4216918945312
3220.0,1.1785108260810375,1.2063920974731446,0.3046875,0.3046875,0.26171875,0.15625,0.0004630568849331297,1.2019424438476562,1.2019424438476562,0.00348818302154541,3.8785123030344644,616.4216918945312
3230.0,1.1608098521828651,1.2063920974731446,0.392578125,0.392578125,0.357421875,0.162109375,0.00046203051115655593,1.2019424438476562,1.2019424438476562,0.00348818302154541,3.8785123030344644,616.4216918945312
3240.0,1.15751463919878,1.2063920974731446,0.328125,0.328125,0.2890625,0.1552734375,0.0004610016237093675,1.2019424438476562,1.2019424438476562,0.00348818302154541,3.8785123030344644,616.4216918945312
3250.0,1.1375386789441109,1.2063920974731446,0.439453125,0.439453125,0.41015625,0.16015625,0.0004599702421800986,1.2019424438476562,1.2019424438476562,0.00348818302154541,3.8785123030344644,616.4216918945312
3260.0,1.1480304077267647,1.2063920974731446,0.19140625,0.19140625,0.109375,0.15625,0.00045893638620476653,1.2019424438476562,1.2019424438476562,0.00348818302154541,3.8785123030344644,616.4216918945312
3270.0,1.1487003937363625,1.2063920974731446,0.1982421875,0.1982421875,0.10693359375,0.1669921875,0.00045790007546649895,1.2019424438476562,1.2019424438476562,0.00348818302154541,3.8785123030344644,616.4216918945312
3280.0,1.1525159925222397,1.2063920974731446,0.9140625,0.9140625,0.90234375,0.16015625,0.0004568613296951585,1.2019424438476562,1.2019424438476562,0.00348818302154541,3.8785123030344644,616.4216918945312
3290.0,1.1570379883050919,1.2063920974731446,0.416015625,0.416015625,0.384765625,0.158203125,0.0004558201686669673,1.2019424438476562,1.2019424438476562,0.00348818302154541,3.8785123030344644,616.4216918945312
3300.0,1.1427984163165092,1.2063920974731446,0.640625,0.640625,0.625,0.15234375,0.00045477661220413054,1.2019424438476562,1.2019424438476562,0.00348818302154541,3.8785123030344644,616.4216918945312
3310.0,1.1959487795829773,1.2063920974731446,0.40234375,0.40234375,0.373046875,0.1533203125,0.0004537306801744591,1.2019424438476562,1.2019424438476562,0.00348818302154541,3.8785123030344644,616.4216918945312
3320.0,1.1159965544939041,1.2063920974731446,0.318359375,0.318359375,0.27734375,0.15625,0.00045268239249099103,1.2019424438476562,1.2019424438476562,0.00348818302154541,3.8785123030344644,616.4216918945312
3330.0,1.136468566954136,1.2063920974731446,0.54296875,0.54296875,0.51953125,0.1552734375,0.0004516317691116128,1.2019424438476562,1.2019424438476562,0.00348818302154541,3.8785123030344644,616.4216918945312
3340.0,1.1225583031773567,1.2063920974731446,0.2060546875,0.2060546875,0.1357421875,0.154296875,0.0004505788300386791,1.2019424438476562,1.2019424438476562,0.00348818302154541,3.8785123030344644,616.4216918945312
3350.0,1.1191700994968414,1.2063920974731446,0.1806640625,0.1806640625,0.09033203125,0.1572265625,0.0004495235953186321,1.2019424438476562,1.2019424438476562,0.00348818302154541,3.8785123030344644,616.4216918945312
3360.0,1.1484639793634415,1.2063920974731446,0.5390625,0.5390625,0.515625,0.154296875,0.00044846608504161975,1.2019424438476562,1.2019424438476562,0.00348818302154541,3.8785123030344644,616.4216918945312
3370.0,1.181749366223812,1.2063920974731446,0.27734375,0.27734375,0.23046875,0.15625,0.0004474063193411134,1.2019424438476562,1.2019424438476562,0.00348818302154541,3.8785123030344644,616.4216918945312
3380.0,1.1560644134879112,1.2063920974731446,0.30078125,0.30078125,0.2578125,0.15625,0.00044634431839352443,1.2019424438476562,1.2019424438476562,0.00348818302154541,3.8785123030344644,616.4216918945312
3390.0,1.1411399841308594,1.2063920974731446,0.431640625,0.431640625,0.40234375,0.15625,0.00044528010241781993,1.2019424438476562,1.2019424438476562,0.00348818302154541,3.8785123030344644,616.4216918945312
3400.0,1.163303181529045,1.2063920974731446,0.181640625,0.181640625,0.09033203125,0.158203125,0.00044421369167513806,1.2019424438476562,1.2019424438476562,0.00348818302154541,3.8785123030344644,616.4216918945312
3410.0,1.146966092288494,1.2063920974731446,0.1826171875,0.1826171875,0.08984375,0.158203125,0.00044314510646840217,1.2019424438476562,1.2019424438476562,0.00348818302154541,3.8785123030344644,616.4216918945312
3420.0,1.1241057328879833,1.2063920974731446,0.419921875,0.419921875,0.390625,0.1513671875,0.00044207436714193435,1.2019424438476562,1.2019424438476562,0.00348818302154541,3.8785123030344644,616.4216918945312
3430.0,1.1356712877750397,1.2063920974731446,0.333984375,0.333984375,0.298828125,0.1533203125,0.00044100149408106784,1.2019424438476562,1.2019424438476562,0.00348818302154541,3.8785123030344644,616.4216918945312
3440.0,1.1427666321396828,1.2063920974731446,0.34765625,0.34765625,0.310546875,0.1533203125,0.0004399265077117592,1.2019424438476562,1.2019424438476562,0.00348818302154541,3.8785123030344644,616.4216918945312
3450.0,1.133797526359558,1.2063920974731446,0.2412109375,0.2412109375,0.189453125,0.1494140625,0.0004388494285001994,1.2019424438476562,1.2019424438476562,0.00348818302154541,3.8785123030344644,616.4216918945312
3460.0,1.1264629364013672,1.2063920974731446,0.51171875,0.51171875,0.490234375,0.1533203125,0.00043777027695242413,1.2019424438476562,1.2019424438476562,0.00348818302154541,3.8785123030344644,616.4216918945312
3470.0,1.154025360941887,1.2063920974731446,0.32421875,0.32421875,0.287109375,0.15234375,0.0004366890736139231,1.2019424438476562,1.2019424438476562,0.00348818302154541,3.8785123030344644,616.4216918945312
3480.0,1.1178272999823093,1.2063920974731446,0.296875,0.296875,0.251953125,0.158203125,0.0004356058390692495,1.2019424438476562,1.2019424438476562,0.00348818302154541,3.8785123030344644,616.4216918945312
3490.0,1.1223382093012333,1.2063920974731446,0.50390625,0.50390625,0.478515625,0.162109375,0.0004345205939416275,1.2019424438476562,1.2019424438476562,0.00348818302154541,3.8785123030344644,616.4216918945312
3500.0,1.147001400589943,1.2063920974731446,0.416015625,0.416015625,0.384765625,0.154296875,0.00043343335889256003,1.2019424438476562,1.2019424438476562,0.00348818302154541,3.8785123030344644,616.4216918945312
3510.0,1.1245998069643974,1.2063920974731446,0.69140625,0.69140625,0.671875,0.1572265625,0.0004323441546214353,1.2019424438476562,1.2019424438476562,0.00348818302154541,3.8785123030344644,616.4216918945312
3520.0,1.0969552770256996,1.2063920974731446,0.2060546875,0.2060546875,0.1396484375,0.15234375,0.00043125300186513233,1.2019424438476562,1.2019424438476562,0.00348818302154541,3.8785123030344644,616.4216918945312
3530.0,1.1246663480997086,1.2063920974731446,0.73828125,0.73828125,0.72265625,0.1572265625,0.0004301599213976271,1.2019424438476562,1.2019424438476562,0.00348818302154541,3.8785123030344644,616.4216918945312
3540.0,1.1085451766848564,1.2063920974731446,0.287109375,0.287109375,0.2451171875,0.1494140625,0.00042906493402959585,1.2019424438476562,1.2019424438476562,0.00348818302154541,3.8785123030344644,616.4216918945312
3550.0,1.1514438837766647,1.2063920974731446,0.1884765625,0.1884765625,0.111328125,0.1513671875,0.00042796806060801967,1.2019424438476562,1.2019424438476562,0.00348818302154541,3.8785123030344644,616.4216918945312
3560.0,1.1018751934170723,1.2063920974731446,0.1962890625,0.1962890625,0.126953125,0.150390625,0.00042686932201578743,1.2019424438476562,1.2019424438476562,0.00348818302154541,3.8785123030344644,616.4216918945312
3570.0,1.1124617978930473,1.2063920974731446,0.380859375,0.380859375,0.349609375,0.1513671875,0.00042576873917129815,1.2019424438476562,1.2019424438476562,0.00348818302154541,3.8785123030344644,616.4216918945312
3580.0,1.1132070235908031,1.2063920974731446,0.2353515625,0.2353515625,0.171875,0.16015625,0.0004246663330280626,1.2019424438476562,1.2019424438476562,0.00348818302154541,3.8785123030344644,616.4216918945312
3590.0,1.1272073835134506,1.2063920974731446,0.46875,0.46875,0.44140625,0.1533203125,0.00042356212457430497,1.2019424438476562,1.2019424438476562,0.00348818302154541,3.8785123030344644,616.4216918945312
3600.0,1.1374793499708176,1.2063920974731446,0.2041015625,0.2041015625,0.1416015625,0.1474609375,0.0004224561348325622,1.2019424438476562,1.2019424438476562,0.00348818302154541,3.8785123030344644,616.4216918945312
3610.0,1.1175025403499603,1.2063920974731446,0.201171875,0.201171875,0.130859375,0.1533203125,0.00042134838485928495,1.2019424438476562,1.2019424438476562,0.00348818302154541,3.8785123030344644,616.4216918945312
3620.0,1.1396988742053509,1.2063920974731446,0.2451171875,0.2451171875,0.19140625,0.15234375,0.00042023889574443584,1.2019424438476562,1.2019424438476562,0.00348818302154541,3.8785123030344644,616.4216918945312
3630.0,1.089578777551651,1.2063920974731446,0.31640625,0.31640625,0.27734375,0.1533203125,0.0004191276886110882,1.2019424438476562,1.2019424438476562,0.00348818302154541,3.8785123030344644,616.4216918945312
3640.0,1.10727871209383,1.2063920974731446,0.3125,0.3125,0.2734375,0.154296875,0.0004180147846150243,1.2019424438476562,1.2019424438476562,0.00348818302154541,3.8785123030344644,616.4216918945312
3650.0,1.1205605864524841,1.2063920974731446,0.4296875,0.4296875,0.3984375,0.158203125,0.0004169002049443319,1.2019424438476562,1.2019424438476562,0.00348818302154541,3.8785123030344644,616.4216918945312
3660.0,1.088809322565794,1.2063920974731446,0.8515625,0.8515625,0.8359375,0.158203125,0.00041578397081900133,1.2019424438476562,1.2019424438476562,0.00348818302154541,3.8785123030344644,616.4216918945312
3670.0,1.1185100004076958,1.2063920974731446,0.36328125,0.36328125,0.33203125,0.1494140625,0.00041466610349052133,1.2019424438476562,1.2019424438476562,0.00348818302154541,3.8785123030344644,616.4216918945312
3680.0,1.0622586980462074,1.2063920974731446,0.1953125,0.1953125,0.12158203125,0.15234375,0.0004135466242414743,1.2019424438476562,1.2019424438476562,0.00348818302154541,3.8785123030344644,616.4216918945312
3690.0,1.1195004433393478,1.2063920974731446,0.408203125,0.408203125,0.376953125,0.154296875,0.0004124255543851317,1.2019424438476562,1.2019424438476562,0.00348818302154541,3.8785123030344644,616.4216918945312
3700.0,1.1309277713298798,1.2063920974731446,0.328125,0.328125,0.2890625,0.1533203125,0.0004113029152650475,1.2019424438476562,1.2019424438476562,0.00348818302154541,3.8785123030344644,616.4216918945312
3710.0,1.100197546184063,1.2063920974731446,0.337890625,0.337890625,0.302734375,0.1494140625,0.00041017872825465225,1.2019424438476562,1.2019424438476562,0.00348818302154541,3.8785123030344644,616.4216918945312
3720.0,1.0907875373959541,1.2063920974731446,0.90625,0.90625,0.89453125,0.1474609375,0.0004090530147568461,1.2019424438476562,1.2019424438476562,0.00348818302154541,3.8785123030344644,616.4216918945312
3730.0,1.128128059208393,1.2063920974731446,0.232421875,0.232421875,0.162109375,0.166015625,0.00040792579620359146,1.2019424438476562,1.2019424438476562,0.00348818302154541,3.8785123030344644,616.4216918945312
3740.0,1.1351117715239525,1.2063920974731446,0.3515625,0.3515625,0.314453125,0.1572265625,0.00040679709405550473,1.2019424438476562,1.2019424438476562,0.00348818302154541,3.8785123030344644,616.4216918945312
3750.0,1.0700665675103664,1.2063920974731446,0.43359375,0.43359375,0.40625,0.1513671875,0.00040566692980144786,1.2019424438476562,1.2019424438476562,0.00348818302154541,3.8785123030344644,616.4216918945312
3760.0,1.1271760761737823,1.2063920974731446,0.1650390625,0.1650390625,0.07177734375,0.1484375,0.0004045353249581191,1.2019424438476562,1.2019424438476562,0.00348818302154541,3.8785123030344644,616.4216918945312
3770.0,1.0979316495358944,1.2063920974731446,0.23046875,0.23046875,0.173828125,0.1513671875,0.00040340230106964347,1.2019424438476562,1.2019424438476562,0.00348818302154541,3.8785123030344644,616.4216918945312
3780.0,1.1343039944767952,1.2063920974731446,0.2451171875,0.2451171875,0.1875,0.158203125,0.0004022678797071627,1.2019424438476562,1.2019424438476562,0.00348818302154541,3.8785123030344644,616.4216918945312
3790.0,1.0874112471938133,1.2063920974731446,0.431640625,0.431640625,0.404296875,0.154296875,0.00040113208246842413,1.2019424438476562,1.2019424438476562,0.00348818302154541,3.8785123030344644,616.4216918945312
3800.0,1.110945649445057,1.2063920974731446,0.17578125,0.17578125,0.0810546875,0.15625,0.00039999493097737004,1.2019424438476562,1.2019424438476562,0.00348818302154541,3.8785123030344644,616.4216918945312
3810.0,1.0961069092154503,1.2063920974731446,0.173828125,0.173828125,0.09130859375,0.1474609375,0.00039885644688372567,1.2019424438476562,1.2019424438476562,0.00348818302154541,3.8785123030344644,616.4216918945312
3820.0,1.079743281006813,1.2063920974731446,0.294921875,0.294921875,0.25390625,0.1513671875,0.0003977166518625871,1.2019424438476562,1.2019424438476562,0.00348818302154541,3.8785123030344644,616.4216918945312
3830.0,1.101659782230854,1.2063920974731446,0.376953125,0.376953125,0.34375,0.15234375,0.00039657556761400845,1.2019424438476562,1.2019424438476562,0.00348818302154541,3.8785123030344644,616.4216918945312
3840.0,1.088464643806219,1.2063920974731446,0.21875,0.21875,0.15625,0.1533203125,0.00039543321586258914,1.2019424438476562,1.2019424438476562,0.00348818302154541,3.8785123030344644,616.4216918945312
3850.0,1.1070459708571434,1.2063920974731446,0.71484375,0.71484375,0.69921875,0.1513671875,0.0003942896183570596,1.2019424438476562,1.2019424438476562,0.00348818302154541,3.8785123030344644,616.4216918945312
3860.0,1.1091998368501663,1.2063920974731446,0.2060546875,0.2060546875,0.13671875,0.154296875,0.0003931447968698682,1.2019424438476562,1.2019424438476562,0.00348818302154541,3.8785123030344644,616.4216918945312
3870.0,1.0832691043615341,1.2063920974731446,0.33203125,0.33203125,0.294921875,0.1513671875,0.0003919987731967656,1.2019424438476562,1.2019424438476562,0.00348818302154541,3.8785123030344644,616.4216918945312
3880.0,1.123429648578167,1.2063920974731446,0.40234375,0.40234375,0.369140625,0.1572265625,0.0003908515691563906,1.2019424438476562,1.2019424438476562,0.00348818302154541,3.8785123030344644,616.4216918945312
3890.0,1.0903647989034653,1.2063920974731446,0.23046875,0.23046875,0.171875,0.1533203125,0.0003897032065898546,1.2019424438476562,1.2019424438476562,0.00348818302154541,3.8785123030344644,616.4216918945312
3900.0,1.095443893224001,1.2063920974731446,0.71875,0.71875,0.703125,0.1513671875,0.0003885537073603254,1.2019424438476562,1.2019424438476562,0.00348818302154541,3.8785123030344644,616.4216918945312
3910.0,1.0775067955255508,1.2063920974731446,0.2021484375,0.2021484375,0.1337890625,0.1513671875,0.00038740309335261137,1.2019424438476562,1.2019424438476562,0.00348818302154541,3.8785123030344644,616.4216918945312
3920.0,1.0935501717031002,1.2063920974731446,0.447265625,0.447265625,0.419921875,0.1552734375,0.0003862513864727447,1.2019424438476562,1.2019424438476562,0.00348818302154541,3.8785123030344644,616.4216918945312
3930.0,1.0439859367907047,1.2063920974731446,0.33984375,0.33984375,0.306640625,0.1484375,0.0003850986086475643,1.2019424438476562,1.2019424438476562,0.00348818302154541,3.8785123030344644,616.4216918945312
3940.0,1.1102066412568092,1.2063920974731446,0.26171875,0.26171875,0.2138671875,0.150390625,0.0003839447818242981,1.2019424438476562,1.2019424438476562,0.00348818302154541,3.8785123030344644,616.4216918945312
3950.0,1.0853019580245018,1.2063920974731446,0.2060546875,0.2060546875,0.1416015625,0.1494140625,0.0003827899279701457,1.2019424438476562,1.2019424438476562,0.00348818302154541,3.8785123030344644,616.4216918945312
3960.0,1.0958075411617756,1.2063920974731446,0.51171875,0.51171875,0.486328125,0.1533203125,0.0003816340690718599,1.2019424438476562,1.2019424438476562,0.00348818302154541,3.8785123030344644,616.4216918945312
3970.0,1.1079117432236671,1.2063920974731446,0.208984375,0.208984375,0.1474609375,0.1484375,0.00038047722713532763,1.2019424438476562,1.2019424438476562,0.00348818302154541,3.8785123030344644,616.4216918945312
3980.0,1.1054878570139408,1.2063920974731446,0.484375,0.484375,0.458984375,0.1533203125,0.00037931942418515226,1.2019424438476562,1.2019424438476562,0.00348818302154541,3.8785123030344644,616.4216918945312
3990.0,1.0863181501626968,1.2063920974731446,0.2294921875,0.2294921875,0.1748046875,0.1484375,0.0003781606822642328,1.2019424438476562,1.2019424438476562,0.00348818302154541,3.8785123030344644,616.4216918945312
4000.0,1.1122976019978523,1.1165703892707826,0.5234375,0.5234375,0.5,0.1513671875,0.0003770010234333452,1.2019424438476562,1.2019424438476562,0.00348818302154541,3.912753075361252,626.235107421875
4010.0,1.1326983869075775,1.1165703892707826,0.279296875,0.279296875,0.2314453125,0.15625,0.00037584046977072184,1.2019424438476562,1.2019424438476562,0.00348818302154541,3.912753075361252,626.235107421875
4020.0,1.0994791686534882,1.1165703892707826,0.263671875,0.263671875,0.216796875,0.150390625,0.0003746790433716317,1.2019424438476562,1.2019424438476562,0.00348818302154541,3.912753075361252,626.235107421875
4030.0,1.1262200400233269,1.1165703892707826,0.1796875,0.1796875,0.09423828125,0.15234375,0.0003735167663479592,1.2019424438476562,1.2019424438476562,0.00348818302154541,3.912753075361252,626.235107421875
4040.0,1.074263446033001,1.1165703892707826,0.19921875,0.19921875,0.130859375,0.150390625,0.00037235366082778357,1.2019424438476562,1.2019424438476562,0.00348818302154541,3.912753075361252,626.235107421875
4050.0,1.107964675873518,1.1165703892707826,0.189453125,0.189453125,0.11328125,0.15234375,0.0003711897489549572,1.2019424438476562,1.2019424438476562,0.00348818302154541,3.912753075361252,626.235107421875
4060.0,1.0856891050934792,1.1165703892707826,0.2080078125,0.2080078125,0.1455078125,0.1474609375,0.00037002505288868454,1.2019424438476562,1.2019424438476562,0.00348818302154541,3.912753075361252,626.235107421875
4070.0,1.0916460491716862,1.1165703892707826,0.185546875,0.185546875,0.10693359375,0.1513671875,0.00036885959480309976,1.2019424438476562,1.2019424438476562,0.00348818302154541,3.912753075361252,626.235107421875
4080.0,1.0667494013905525,1.1165703892707826,0.296875,0.296875,0.2578125,0.1474609375,0.0003676933968868447,1.2019424438476562,1.2019424438476562,0.00348818302154541,3.912753075361252,626.235107421875
4090.0,1.1013091206550598,1.1165703892707826,0.3515625,0.3515625,0.31640625,0.15625,0.00036652648134264683,1.2019424438476562,1.2019424438476562,0.00348818302154541,3.912753075361252,626.235107421875
4100.0,1.078166015446186,1.1165703892707826,0.2109375,0.2109375,0.14453125,0.1533203125,0.00036535887038689606,1.2019424438476562,1.2019424438476562,0.00348818302154541,3.912753075361252,626.235107421875
4110.0,1.1062372736632824,1.1165703892707826,0.1708984375,0.1708984375,0.08251953125,0.1494140625,0.00036419058624922177,1.2019424438476562,1.2019424438476562,0.00348818302154541,3.912753075361252,626.235107421875
4120.0,1.0684205070137978,1.1165703892707826,0.1728515625,0.1728515625,0.0810546875,0.15234375,0.00036302165117207,1.2019424438476562,1.2019424438476562,0.00348818302154541,3.912753075361252,626.235107421875
4130.0,1.0972363241016865,1.1165703892707826,0.181640625,0.181640625,0.10009765625,0.1513671875,0.00036185208741027955,1.2019424438476562,1.2019424438476562,0.00348818302154541,3.912753075361252,626.235107421875
4140.0,1.0902560651302338,1.1165703892707826,0.2734375,0.2734375,0.2265625,0.154296875,0.0003606819172306587,1.2019424438476562,1.2019424438476562,0.00348818302154541,3.912753075361252,626.235107421875
4150.0,1.0656128972768784,1.1165703892707826,0.283203125,0.283203125,0.236328125,0.15625,0.00035951116291156073,1.2019424438476562,1.2019424438476562,0.00348818302154541,3.912753075361252,626.235107421875
4160.0,1.0564783364534378,1.1165703892707826,0.66015625,0.66015625,0.640625,0.150390625,0.0003583398467424604,1.2019424438476562,1.2019424438476562,0.00348818302154541,3.912753075361252,626.235107421875
4170.0,1.1025847420096397,1.1165703892707826,0.51953125,0.51953125,0.49609375,0.15234375,0.00035716799102352906,1.2019424438476562,1.2019424438476562,0.00348818302154541,3.912753075361252,626.235107421875
4180.0,1.1415965929627419,1.1165703892707826,0.216796875,0.216796875,0.150390625,0.1552734375,0.0003559956180652104,1.2019424438476562,1.2019424438476562,0.00348818302154541,3.912753075361252,626.235107421875
4190.0,1.1067066229879856,1.1165703892707826,0.33984375,0.33984375,0.302734375,0.15234375,0.00035482275018779564,1.2019424438476562,1.2019424438476562,0.00348818302154541,3.912753075361252,626.235107421875
4200.0,1.0784210003912449,1.1165703892707826,0.51171875,0.51171875,0.48828125,0.15234375,0.00035364940972099865,1.2019424438476562,1.2019424438476562,0.00348818302154541,3.912753075361252,626.235107421875
4210.0,1.0833334624767303,1.1165703892707826,0.205078125,0.205078125,0.138671875,0.1513671875,0.0003524756190035304,1.2019424438476562,1.2019424438476562,0.00348818302154541,3.912753075361252,626.235107421875
4220.0,1.0918356962502003,1.1165703892707826,0.2412109375,0.2412109375,0.19140625,0.146484375,0.00035130140038267427,1.2019424438476562,1.2019424438476562,0.00348818302154541,3.912753075361252,626.235107421875
4230.0,1.1063400469720364,1.1165703892707826,0.30859375,0.30859375,0.263671875,0.16015625,0.00035012677621386014,1.2019424438476562,1.2019424438476562,0.00348818302154541,3.912753075361252,626.235107421875
4240.0,1.0498799160122871,1.1165703892707826,0.4375,0.4375,0.412109375,0.1494140625,0.00034895176886023905,1.2019424438476562,1.2019424438476562,0.00348818302154541,3.912753075361252,626.235107421875
4250.0,1.0698161087930202,1.1165703892707826,0.1630859375,0.1630859375,0.0634765625,0.150390625,0.0003477764006922572,1.2019424438476562,1.2019424438476562,0.00348818302154541,3.912753075361252,626.235107421875
4260.0,1.0778295025229454,1.1165703892707826,0.451171875,0.451171875,0.42578125,0.1513671875,0.00034660069408723026,1.2019424438476562,1.2019424438476562,0.00348818302154541,3.912753075361252,626.235107421875
4270.0,1.0703524984419346,1.1165703892707826,0.60546875,0.60546875,0.5859375,0.1484375,0.00034542467142891734,1.2019424438476562,1.2019424438476562,0.00348818302154541,3.912753075361252,626.235107421875
4280.0,1.1133293099701405,1.1165703892707826,0.1875,0.1875,0.107421875,0.154296875,0.0003442483551070946,1.2019424438476562,1.2019424438476562,0.00348818302154541,3.912753075361252,626.235107421875
4290.0,1.0481599681079388,1.1165703892707826,0.42578125,0.42578125,0.39453125,0.1572265625,0.00034307176751712925,1.2019424438476562,1.2019424438476562,0.00348818302154541,3.912753075361252,626.235107421875
4300.0,1.0914854183793068,1.1165703892707826,0.236328125,0.236328125,0.1806640625,0.1533203125,0.00034189493105955273,1.2019424438476562,1.2019424438476562,0.00348818302154541,3.912753075361252,626.235107421875
4310.0,1.0887871719896793,1.1165703892707826,0.1728515625,0.1728515625,0.08251953125,0.1513671875,0.0003407178681396352,1.2019424438476562,1.2019424438476562,0.00348818302154541,3.912753075361252,626.235107421875
4320.0,1.10092206671834,1.1165703892707826,0.28125,0.28125,0.2353515625,0.1552734375,0.0003395406011669577,1.2019424438476562,1.2019424438476562,0.00348818302154541,3.912753075361252,626.235107421875
4330.0,1.1131776347756386,1.1165703892707826,0.330078125,0.330078125,0.29296875,0.15234375,0.00033836315255498644,1.2019424438476562,1.2019424438476562,0.00348818302154541,3.912753075361252,626.235107421875
4340.0,1.068852972239256,1.1165703892707826,0.185546875,0.185546875,0.11376953125,0.1474609375,0.00033718554472064575,1.2019424438476562,1.2019424438476562,0.00348818302154541,3.912753075361252,626.235107421875
4350.0,1.0679342150688171,1.1165703892707826,0.1865234375,0.1865234375,0.10791015625,0.15234375,0.0003360078000838913,1.2019424438476562,1.2019424438476562,0.00348818302154541,3.912753075361252,626.235107421875
4360.0,1.096063282340765,1.1165703892707826,0.263671875,0.263671875,0.2158203125,0.1513671875,0.00033482994106728343,1.2019424438476562,1.2019424438476562,0.00348818302154541,3.912753075361252,626.235107421875
4370.0,1.0720591060817242,1.1165703892707826,0.18359375,0.18359375,0.1064453125,0.1494140625,0.00033365199009555976,1.2019424438476562,1.2019424438476562,0.00348818302154541,3.912753075361252,626.235107421875
4380.0,1.0748901665210724,1.1165703892707826,0.59375,0.59375,0.57421875,0.15234375,0.000332473969595209,1.2019424438476562,1.2019424438476562,0.00348818302154541,3.912753075361252,626.235107421875
4390.0,1.092858761548996,1.1165703892707826,0.341796875,0.341796875,0.30859375,0.1484375,0.00033129590199404316,1.2019424438476562,1.2019424438476562,0.00348818302154541,3.912753075361252,626.235107421875
4400.0,1.1016304790973663,1.1165703892707826,0.3671875,0.3671875,0.333984375,0.15234375,0.0003301178097207714,1.2019424438476562,1.2019424438476562,0.00348818302154541,3.912753075361252,626.235107421875
4410.0,1.0994629971683025,1.1165703892707826,0.2392578125,0.2392578125,0.1826171875,0.1533203125,0.00032893971520457237,1.2019424438476562,1.2019424438476562,0.00348818302154541,3.912753075361252,626.235107421875
4420.0,1.0675505250692368,1.1165703892707826,0.248046875,0.248046875,0.1962890625,0.15234375,0.00032776164087466744,1.2019424438476562,1.2019424438476562,0.00348818302154541,3.912753075361252,626.235107421875
4430.0,1.0638443306088448,1.1165703892707826,0.224609375,0.224609375,0.1669921875,0.1494140625,0.00032658360915989383,1.2019424438476562,1.2019424438476562,0.00348818302154541,3.912753075361252,626.235107421875
4440.0,1.0655628144741058,1.1165703892707826,0.255859375,0.255859375,0.2060546875,0.15234375,0.00032540564248827717,1.2019424438476562,1.2019424438476562,0.00348818302154541,3.912753075361252,626.235107421875
4450.0,1.0601810328662395,1.1165703892707826,0.16796875,0.16796875,0.0693359375,0.15234375,0.0003242277632866049,1.2019424438476562,1.2019424438476562,0.00348818302154541,3.912753075361252,626.235107421875
4460.0,1.0566184557974339,1.1165703892707826,0.349609375,0.349609375,0.310546875,0.1572265625,0.0003230499939799991,1.2019424438476562,1.2019424438476562,0.00348818302154541,3.912753075361252,626.235107421875
4470.0,1.0819547735154629,1.1165703892707826,0.51171875,0.51171875,0.490234375,0.1494140625,0.00032187235699148966,1.2019424438476562,1.2019424438476562,0.00348818302154541,3.912753075361252,626.235107421875
4480.0,1.0601706467568874,1.1165703892707826,0.2021484375,0.2021484375,0.1337890625,0.1513671875,0.0003206948747415875,1.2019424438476562,1.2019424438476562,0.00348818302154541,3.912753075361252,626.235107421875
4490.0,1.0864236280322075,1.1165703892707826,0.55078125,0.55078125,0.52734375,0.15234375,0.00031951756964785705,1.2019424438476562,1.2019424438476562,0.00348818302154541,3.912753075361252,626.235107421875
4500.0,1.0655042715370655,1.1165703892707826,0.41015625,0.41015625,0.380859375,0.15234375,0.00031834046412449054,1.2019424438476562,1.2019424438476562,0.00348818302154541,3.912753075361252,626.235107421875
4510.0,1.0525318384170532,1.1165703892707826,0.265625,0.265625,0.2099609375,0.1630859375,0.0003171635805818802,1.2019424438476562,1.2019424438476562,0.00348818302154541,3.912753075361252,626.235107421875
4520.0,1.0672355219721794,1.1165703892707826,0.2578125,0.2578125,0.2099609375,0.1513671875,0.0003159869414261923,1.2019424438476562,1.2019424438476562,0.00348818302154541,3.912753075361252,626.235107421875
4530.0,1.0435893647372723,1.1165703892707826,0.37890625,0.37890625,0.345703125,0.1533203125,0.00031481056905894027,1.2019424438476562,1.2019424438476562,0.00348818302154541,3.912753075361252,626.235107421875
4540.0,1.044863685965538,1.1165703892707826,0.2119140625,0.2119140625,0.1494140625,0.150390625,0.00031363448587655825,1.2019424438476562,1.2019424438476562,0.00348818302154541,3.912753075361252,626.235107421875
4550.0,1.0501509122550488,1.1165703892707826,0.396484375,0.396484375,0.369140625,0.1484375,0.0003124587142699747,1.2019424438476562,1.2019424438476562,0.00348818302154541,3.912753075361252,626.235107421875
4560.0,1.0466799847781658,1.1165703892707826,0.267578125,0.267578125,0.224609375,0.1474609375,0.00031128327662418627,1.2019424438476562,1.2019424438476562,0.00348818302154541,3.912753075361252,626.235107421875
4570.0,1.0948209874331951,1.1165703892707826,0.181640625,0.181640625,0.09814453125,0.1533203125,0.00031010819531783137,1.2019424438476562,1.2019424438476562,0.00348818302154541,3.912753075361252,626.235107421875
4580.0,1.0599073469638824,1.1165703892707826,0.2734375,0.2734375,0.228515625,0.150390625,0.0003089334927227642,1.2019424438476562,1.2019424438476562,0.00348818302154541,3.912753075361252,626.235107421875
4590.0,1.0429355651140213,1.1165703892707826,0.291015625,0.291015625,0.2490234375,0.150390625,0.00030775919120362884,1.2019424438476562,1.2019424438476562,0.00348818302154541,3.912753075361252,626.235107421875
4600.0,1.0514355897903442,1.1165703892707826,0.18359375,0.18359375,0.10595703125,0.150390625,0.00030658531311743357,1.2019424438476562,1.2019424438476562,0.00348818302154541,3.912753075361252,626.235107421875
4610.0,1.0831139162182808,1.1165703892707826,0.2177734375,0.2177734375,0.15625,0.1513671875,0.00030541188081312497,1.2019424438476562,1.2019424438476562,0.00348818302154541,3.912753075361252,626.235107421875
4620.0,1.0380882173776627,1.1165703892707826,0.3359375,0.3359375,0.30078125,0.1494140625,0.00030423891663116265,1.2019424438476562,1.2019424438476562,0.00348818302154541,3.912753075361252,626.235107421875
4630.0,1.0427885875105858,1.1165703892707826,0.251953125,0.251953125,0.2060546875,0.146484375,0.00030306644290309387,1.2019424438476562,1.2019424438476562,0.00348818302154541,3.912753075361252,626.235107421875
4640.0,1.091238796710968,1.1165703892707826,0.3515625,0.3515625,0.318359375,0.1494140625,0.00030189448195112835,1.2019424438476562,1.2019424438476562,0.00348818302154541,3.912753075361252,626.235107421875
4650.0,1.0405975133180618,1.1165703892707826,0.3046875,0.3046875,0.265625,0.1484375,0.0003007230560877133,1.2019424438476562,1.2019424438476562,0.00348818302154541,3.912753075361252,626.235107421875
4660.0,1.0403882265090942,1.1165703892707826,0.2470703125,0.2470703125,0.19921875,0.1474609375,0.0002995521876151085,1.2019424438476562,1.2019424438476562,0.00348818302154541,3.912753075361252,626.235107421875
4670.0,1.0556747689843178,1.1165703892707826,0.2138671875,0.2138671875,0.1533203125,0.1494140625,0.00029838189882496185,1.2019424438476562,1.2019424438476562,0.00348818302154541,3.912753075361252,626.235107421875
4680.0,1.0634925588965416,1.1165703892707826,0.40625,0.40625,0.376953125,0.154296875,0.0002972122119978852,1.2019424438476562,1.2019424438476562,0.00348818302154541,3.912753075361252,626.235107421875
4690.0,1.0316750779747963,1.1165703892707826,0.390625,0.390625,0.357421875,0.1552734375,0.0002960431494030294,1.2019424438476562,1.2019424438476562,0.00348818302154541,3.912753075361252,626.235107421875
4700.0,1.0243948325514793,1.1165703892707826,0.345703125,0.345703125,0.30859375,0.15625,0.0002948747332976612,1.2019424438476562,1.2019424438476562,0.00348818302154541,3.912753075361252,626.235107421875
4710.0,1.072548147290945,1.1165703892707826,0.279296875,0.279296875,0.2333984375,0.15234375,0.00029370698592673914,1.2019424438476562,1.2019424438476562,0.00348818302154541,3.912753075361252,626.235107421875
4720.0,1.0881808288395405,1.1165703892707826,0.451171875,0.451171875,0.421875,0.1572265625,0.00029253992952248966,1.2019424438476562,1.2019424438476562,0.00348818302154541,3.912753075361252,626.235107421875
4730.0,1.0361324399709702,1.1165703892707826,0.193359375,0.193359375,0.125,0.146484375,0.0002913735863039847,1.2019424438476562,1.2019424438476562,0.00348818302154541,3.912753075361252,626.235107421875
4740.0,1.042227916419506,1.1165703892707826,0.17578125,0.17578125,0.09423828125,0.1484375,0.00029020797847671763,1.2019424438476562,1.2019424438476562,0.00348818302154541,3.912753075361252,626.235107421875
4750.0,1.0889895558357239,1.1165703892707826,0.33984375,0.33984375,0.3046875,0.1513671875,0.0002890431282321815,1.2019424438476562,1.2019424438476562,0.00348818302154541,3.912753075361252,626.235107421875
4760.0,1.0223392322659492,1.1165703892707826,0.169921875,0.169921875,0.08544921875,0.1474609375,0.0002878790577474457,1.2019424438476562,1.2019424438476562,0.00348818302154541,3.912753075361252,626.235107421875
4770.0,1.0669859312474728,1.1165703892707826,0.296875,0.296875,0.255859375,0.150390625,0.0002867157891847344,1.2019424438476562,1.2019424438476562,0.00348818302154541,3.912753075361252,626.235107421875
4780.0,1.0756516233086586,1.1165703892707826,0.31640625,0.31640625,0.27734375,0.150390625,0.00028555334469100406,1.2019424438476562,1.2019424438476562,0.00348818302154541,3.912753075361252,626.235107421875
4790.0,1.0641638524830341,1.1165703892707826,0.2275390625,0.2275390625,0.1689453125,0.1533203125,0.0002843917463975224,1.2019424438476562,1.2019424438476562,0.00348818302154541,3.912753075361252,626.235107421875
4800.0,1.012128759175539,1.1165703892707826,0.2119140625,0.2119140625,0.1474609375,0.15234375,0.0002832310164194465,1.2019424438476562,1.2019424438476562,0.00348818302154541,3.912753075361252,626.235107421875
4810.0,1.061408631503582,1.1165703892707826,0.40625,0.40625,0.37890625,0.1474609375,0.0002820711768554019,1.2019424438476562,1.2019424438476562,0.00348818302154541,3.912753075361252,626.235107421875
4820.0,1.0425375290215015,1.1165703892707826,0.21484375,0.21484375,0.1533203125,0.150390625,0.00028091224978706204,1.2019424438476562,1.2019424438476562,0.00348818302154541,3.912753075361252,626.235107421875
4830.0,1.0328487381339073,1.1165703892707826,0.22265625,0.22265625,0.166015625,0.1474609375,0.0002797542572787278,1.2019424438476562,1.2019424438476562,0.00348818302154541,3.912753075361252,626.235107421875
4840.0,1.0235828757286072,1.1165703892707826,0.33984375,0.33984375,0.3046875,0.1474609375,0.00027859722137690726,1.2019424438476562,1.2019424438476562,0.00348818302154541,3.912753075361252,626.235107421875
4850.0,1.0583411939442158,1.1165703892707826,0.244140625,0.244140625,0.1923828125,0.1513671875,0.0002774411641098962,1.2019424438476562,1.2019424438476562,0.00348818302154541,3.912753075361252,626.235107421875
4860.0,1.0680894702672958,1.1165703892707826,0.220703125,0.220703125,0.16015625,0.1513671875,0.0002762861074873586,1.2019424438476562,1.2019424438476562,0.00348818302154541,3.912753075361252,626.235107421875
4870.0,1.0139907449483871,1.1165703892707826,0.21875,0.21875,0.1611328125,0.1474609375,0.00027513207349990753,1.2019424438476562,1.2019424438476562,0.00348818302154541,3.912753075361252,626.235107421875
4880.0,1.0665416158735752,1.1165703892707826,0.4453125,0.4453125,0.41796875,0.1513671875,0.00027397908411868656,1.2019424438476562,1.2019424438476562,0.00348818302154541,3.912753075361252,626.235107421875
4890.0,1.0869701690971851,1.1165703892707826,0.404296875,0.404296875,0.375,0.1513671875,0.0002728271612949516,1.2019424438476562,1.2019424438476562,0.00348818302154541,3.912753075361252,626.235107421875
4900.0,1.0230282880365849,1.1165703892707826,0.64453125,0.64453125,0.625,0.1611328125,0.0002716763269596527,1.2019424438476562,1.2019424438476562,0.00348818302154541,3.912753075361252,626.235107421875
4910.0,1.044471099972725,1.1165703892707826,0.51953125,0.51953125,0.49609375,0.150390625,0.0002705266030230167,1.2019424438476562,1.2019424438476562,0.00348818302154541,3.912753075361252,626.235107421875
4920.0,1.0119302161037922,1.1165703892707826,0.341796875,0.341796875,0.306640625,0.1513671875,0.00026937801137412996,1.2019424438476562,1.2019424438476562,0.00348818302154541,3.912753075361252,626.235107421875
4930.0,1.0487587712705135,1.1165703892707826,0.2138671875,0.2138671875,0.1533203125,0.1494140625,0.00026823057388052215,1.2019424438476562,1.2019424438476562,0.00348818302154541,3.912753075361252,626.235107421875
4940.0,1.0620345957577229,1.1165703892707826,0.201171875,0.201171875,0.1337890625,0.150390625,0.0002670843123877488,1.2019424438476562,1.2019424438476562,0.00348818302154541,3.912753075361252,626.235107421875
4950.0,1.0541597083210945,1.1165703892707826,0.4453125,0.4453125,0.419921875,0.1513671875,0.00026593924871897665,1.2019424438476562,1.2019424438476562,0.00348818302154541,3.912753075361252,626.235107421875
4960.0,1.0059711560606956,1.1165703892707826,0.197265625,0.197265625,0.12890625,0.1484375,0.0002647954046745673,1.2019424438476562,1.2019424438476562,0.00348818302154541,3.912753075361252,626.235107421875
4970.0,1.028060033917427,1.1165703892707826,0.208984375,0.208984375,0.1435546875,0.1513671875,0.00026365280203166256,1.2019424438476562,1.2019424438476562,0.00348818302154541,3.912753075361252,626.235107421875
4980.0,1.0801618248224258,1.1165703892707826,0.2255859375,0.2255859375,0.16796875,0.150390625,0.0002625114625437697,1.2019424438476562,1.2019424438476562,0.00348818302154541,3.912753075361252,626.235107421875
4990.0,1.0347189866006374,1.1165703892707826,0.208984375,0.208984375,0.14453125,0.1513671875,0.0002613714079403474,1.2019424438476562,1.2019424438476562,0.00348818302154541,3.912753075361252,626.235107421875
5000.0,1.0528376139700413,1.0824445855617524,0.2109375,0.2109375,0.146484375,0.15234375,0.00026023265992639196,1.2019424438476562,1.2019424438476562,0.00348818302154541,3.8796656131744385,616.770751953125
5010.0,1.0200170315802097,1.0824445855617524,0.59375,0.59375,0.57421875,0.1474609375,0.0002590952401820239,1.2019424438476562,1.2019424438476562,0.00348818302154541,3.8796656131744385,616.770751953125
5020.0,1.0230765864253044,1.0824445855617524,0.279296875,0.279296875,0.234375,0.1513671875,0.0002579591703620759,1.2019424438476562,1.2019424438476562,0.00348818302154541,3.8796656131744385,616.770751953125
5030.0,1.0276813358068466,1.0824445855617524,0.66015625,0.66015625,0.64453125,0.1474609375,0.00025682447209567956,1.2019424438476562,1.2019424438476562,0.00348818302154541,3.8796656131744385,616.770751953125
5040.0,1.0613379776477814,1.0824445855617524,0.453125,0.453125,0.42578125,0.1552734375,0.00025569116698585424,1.2019424438476562,1.2019424438476562,0.00348818302154541,3.8796656131744385,616.770751953125
5050.0,1.024509608745575,1.0824445855617524,0.296875,0.296875,0.2578125,0.1474609375,0.00025455927660909567,1.2019424438476562,1.2019424438476562,0.00348818302154541,3.8796656131744385,616.770751953125
5060.0,1.0555197708308697,1.0824445855617524,0.369140625,0.369140625,0.3359375,0.1513671875,0.00025342882251496503,1.2019424438476562,1.2019424438476562,0.00348818302154541,3.8796656131744385,616.770751953125
5070.0,1.0850583016872406,1.0824445855617524,0.18359375,0.18359375,0.09765625,0.1552734375,0.0002522998262256787,1.2019424438476562,1.2019424438476562,0.00348818302154541,3.8796656131744385,616.770751953125
5080.0,1.013669054955244,1.0824445855617524,0.2890625,0.2890625,0.2470703125,0.1484375,0.0002511723092356986,1.2019424438476562,1.2019424438476562,0.00348818302154541,3.8796656131744385,616.770751953125
5090.0,1.0578128173947334,1.0824445855617524,0.2216796875,0.2216796875,0.1640625,0.1494140625,0.000250046293011323,1.2019424438476562,1.2019424438476562,0.00348818302154541,3.8796656131744385,616.770751953125
5100.0,1.0432042367756367,1.0824445855617524,0.1982421875,0.1982421875,0.1279296875,0.150390625,0.00024892179899027773,1.2019424438476562,1.2019424438476562,0.00348818302154541,3.8796656131744385,616.770751953125
5110.0,1.0320955850183964,1.0824445855617524,0.255859375,0.255859375,0.2060546875,0.15234375,0.0002477988485813079,1.2019424438476562,1.2019424438476562,0.00348818302154541,3.8796656131744385,616.770751953125
5120.0,1.075624916702509,1.0824445855617524,0.39453125,0.39453125,0.36328125,0.1513671875,0.00024667746316377073,1.2019424438476562,1.2019424438476562,0.00348818302154541,3.8796656131744385,616.770751953125
5130.0,1.0341769829392433,1.0824445855617524,0.30078125,0.30078125,0.259765625,0.150390625,0.0002455576640872281,1.2019424438476562,1.2019424438476562,0.00348818302154541,3.8796656131744385,616.770751953125
5140.0,1.0568764805793762,1.0824445855617524,0.1953125,0.1953125,0.1240234375,0.1513671875,0.0002444394726710401,1.2019424438476562,1.2019424438476562,0.00348818302154541,3.8796656131744385,616.770751953125
5150.0,1.0614253245294094,1.0824445855617524,0.357421875,0.357421875,0.32421875,0.1513671875,0.00024332291020395965,1.2019424438476562,1.2019424438476562,0.00348818302154541,3.8796656131744385,616.770751953125
5160.0,1.0312137678265572,1.0824445855617524,0.1787109375,0.1787109375,0.09521484375,0.1513671875,0.00024220799794372663,1.2019424438476562,1.2019424438476562,0.00348818302154541,3.8796656131744385,616.770751953125
5170.0,1.0330281369388103,1.0824445855617524,0.263671875,0.263671875,0.21875,0.1484375,0.00024109475711666325,1.2019424438476562,1.2019424438476562,0.00348818302154541,3.8796656131744385,616.770751953125
5180.0,1.0173921808600426,1.0824445855617524,0.396484375,0.396484375,0.3671875,0.1494140625,0.00023998320891727027,1.2019424438476562,1.2019424438476562,0.00348818302154541,3.8796656131744385,616.770751953125
5190.0,1.0046177618205547,1.0824445855617524,0.232421875,0.232421875,0.1806640625,0.146484375,0.00023887337450782312,1.2019424438476562,1.2019424438476562,0.00348818302154541,3.8796656131744385,616.770751953125
5200.0,1.0292645283043385,1.0824445855617524,0.2099609375,0.2099609375,0.150390625,0.1474609375,0.00023776527501796912,1.2019424438476562,1.2019424438476562,0.00348818302154541,3.8796656131744385,616.770751953125
5210.0,1.0636193715035915,1.0824445855617524,0.193359375,0.193359375,0.12451171875,0.1484375,0.00023665893154432532,1.2019424438476562,1.2019424438476562,0.00348818302154541,3.8796656131744385,616.770751953125
5220.0,1.045161236077547,1.0824445855617524,0.275390625,0.275390625,0.2333984375,0.1484375,0.0002355543651500766,1.2019424438476562,1.2019424438476562,0.00348818302154541,3.8796656131744385,616.770751953125
5230.0,1.0260923504829407,1.0824445855617524,0.2099609375,0.2099609375,0.1474609375,0.150390625,0.00023445159686457499,1.2019424438476562,1.2019424438476562,0.00348818302154541,3.8796656131744385,616.770751953125
5240.0,1.0454698987305164,1.0824445855617524,0.19921875,0.19921875,0.134765625,0.1474609375,0.00023335064768293903,1.2019424438476562,1.2019424438476562,0.00348818302154541,3.8796656131744385,616.770751953125
5250.0,1.0386937074363232,1.0824445855617524,0.263671875,0.263671875,0.21484375,0.1533203125,0.00023225153856565415,1.2019424438476562,1.2019424438476562,0.00348818302154541,3.8796656131744385,616.770751953125
5260.0,1.0427597239613533,1.0824445855617524,0.51171875,0.51171875,0.486328125,0.1533203125,0.0002311542904381736,1.2019424438476562,1.2019424438476562,0.00348818302154541,3.8796656131744385,616.770751953125
5270.0,1.0382572822272778,1.0824445855617524,0.2451171875,0.2451171875,0.1923828125,0.1513671875,0.0002300589241905201,1.2019424438476562,1.2019424438476562,0.00348818302154541,3.8796656131744385,616.770751953125
5280.0,1.0306613259017467,1.0824445855617524,0.263671875,0.263671875,0.216796875,0.1513671875,0.00022896546067688805,1.2019424438476562,1.2019424438476562,0.00348818302154541,3.8796656131744385,616.770751953125
5290.0,1.0222062803804874,1.0824445855617524,0.51171875,0.51171875,0.486328125,0.154296875,0.00022787392071524655,1.2019424438476562,1.2019424438476562,0.00348818302154541,3.8796656131744385,616.770751953125
5300.0,1.0299242734909058,1.0824445855617524,0.333984375,0.333984375,0.296875,0.154296875,0.000226784325086943,1.2019424438476562,1.2019424438476562,0.00348818302154541,3.8796656131744385,616.770751953125
5310.0,1.028444029390812,1.0824445855617524,0.1787109375,0.1787109375,0.0869140625,0.15625,0.00022569669453630767,1.2019424438476562,1.2019424438476562,0.00348818302154541,3.8796656131744385,616.770751953125
5320.0,1.0127681642770767,1.0824445855617524,0.1953125,0.1953125,0.125,0.1494140625,0.00022461104977025838,1.2019424438476562,1.2019424438476562,0.00348818302154541,3.8796656131744385,616.770751953125
5330.0,1.0479391738772392,1.0824445855617524,0.361328125,0.361328125,0.330078125,0.1455078125,0.00022352741145790657,1.2019424438476562,1.2019424438476562,0.00348818302154541,3.8796656131744385,616.770751953125
5340.0,1.0768018774688244,1.0824445855617524,0.169921875,0.169921875,0.07470703125,0.15234375,0.00022244580023016367,1.2019424438476562,1.2019424438476562,0.00348818302154541,3.8796656131744385,616.770751953125
5350.0,1.0369040332734585,1.0824445855617524,0.349609375,0.349609375,0.314453125,0.1533203125,0.00022136623667934834,1.2019424438476562,1.2019424438476562,0.00348818302154541,3.8796656131744385,616.770751953125
5360.0,1.0507288053631783,1.0824445855617524,0.421875,0.421875,0.39453125,0.15234375,0.0002202887413587944,1.2019424438476562,1.2019424438476562,0.00348818302154541,3.8796656131744385,616.770751953125
5370.0,1.0195240043103695,1.0824445855617524,0.2734375,0.2734375,0.23046875,0.1474609375,0.00021921333478245957,1.2019424438476562,1.2019424438476562,0.00348818302154541,3.8796656131744385,616.770751953125
5380.0,0.9844049513339996,1.0824445855617524,0.51171875,0.51171875,0.4921875,0.1455078125,0.00021814003742453506,1.2019424438476562,1.2019424438476562,0.00348818302154541,3.8796656131744385,616.770751953125
5390.0,1.044899083673954,1.0824445855617524,0.203125,0.203125,0.1357421875,0.1513671875,0.00021706886971905524,1.2019424438476562,1.2019424438476562,0.00348818302154541,3.8796656131744385,616.770751953125
5400.0,1.0172605402767658,1.0824445855617524,0.25390625,0.25390625,0.205078125,0.1494140625,0.00021599985205950932,1.2019424438476562,1.2019424438476562,0.00348818302154541,3.8796656131744385,616.770751953125
5410.0,1.0319471396505833,1.0824445855617524,0.326171875,0.326171875,0.291015625,0.1474609375,0.00021493300479845243,1.2019424438476562,1.2019424438476562,0.00348818302154541,3.8796656131744385,616.770751953125
5420.0,1.043618518859148,1.0824445855617524,0.185546875,0.185546875,0.11083984375,0.1484375,0.0002138683482471188,1.2019424438476562,1.2019424438476562,0.00348818302154541,3.8796656131744385,616.770751953125
5430.0,1.0087933279573917,1.0824445855617524,0.416015625,0.416015625,0.388671875,0.1513671875,0.00021280590267503424,1.2019424438476562,1.2019424438476562,0.00348818302154541,3.8796656131744385,616.770751953125
5440.0,1.0215308330953121,1.0824445855617524,0.2138671875,0.2138671875,0.1513671875,0.1513671875,0.00021174568830963113,1.2019424438476562,1.2019424438476562,0.00348818302154541,3.8796656131744385,616.770751953125
5450.0,1.020351242274046,1.0824445855617524,0.1787109375,0.1787109375,0.095703125,0.1513671875,0.00021068772533586275,1.2019424438476562,1.2019424438476562,0.00348818302154541,3.8796656131744385,616.770751953125
5460.0,0.9963685423135757,1.0824445855617524,0.2431640625,0.2431640625,0.1923828125,0.1484375,0.00020963203389581895,1.2019424438476562,1.2019424438476562,0.00348818302154541,3.8796656131744385,616.770751953125
5470.0,1.015101581811905,1.0824445855617524,0.20703125,0.20703125,0.1435546875,0.1494140625,0.00020857863408834317,1.2019424438476562,1.2019424438476562,0.00348818302154541,3.8796656131744385,616.770751953125
5480.0,0.9997266940772533,1.0824445855617524,0.251953125,0.251953125,0.19921875,0.1533203125,0.00020752754596864916,1.2019424438476562,1.2019424438476562,0.00348818302154541,3.8796656131744385,616.770751953125
5490.0,1.0122027657926083,1.0824445855617524,0.435546875,0.435546875,0.40625,0.15234375,0.00020647878954793963,1.2019424438476562,1.2019424438476562,0.00348818302154541,3.8796656131744385,616.770751953125
5500.0,1.0097313709557056,1.0824445855617524,0.5078125,0.5078125,0.486328125,0.1474609375,0.0002054323847930252,1.2019424438476562,1.2019424438476562,0.00348818302154541,3.8796656131744385,616.770751953125
5510.0,1.003306768834591,1.0824445855617524,0.1689453125,0.1689453125,0.07763671875,0.1494140625,0.0002043883516259439,1.2019424438476562,1.2019424438476562,0.00348818302154541,3.8796656131744385,616.770751953125
5520.0,1.0057946741580963,1.0824445855617524,0.294921875,0.294921875,0.255859375,0.1484375,0.00020334670992358246,1.2019424438476562,1.2019424438476562,0.00348818302154541,3.8796656131744385,616.770751953125
5530.0,1.0091670975089073,1.0824445855617524,0.236328125,0.236328125,0.1845703125,0.1484375,0.0002023074795172971,1.2019424438476562,1.2019424438476562,0.00348818302154541,3.8796656131744385,616.770751953125
5540.0,1.0232473611831665,1.0824445855617524,0.412109375,0.412109375,0.3828125,0.1494140625,0.0002012706801925371,1.2019424438476562,1.2019424438476562,0.00348818302154541,3.8796656131744385,616.770751953125
5550.0,1.0222963988780975,1.0824445855617524,0.310546875,0.310546875,0.2734375,0.1494140625,0.0002002363316884668,1.2019424438476562,1.2019424438476562,0.00348818302154541,3.8796656131744385,616.770751953125
5560.0,1.0106703378260136,1.0824445855617524,0.2001953125,0.2001953125,0.134765625,0.1474609375,0.00019920445369759083,1.2019424438476562,1.2019424438476562,0.00348818302154541,3.8796656131744385,616.770751953125
5570.0,1.0009159371256828,1.0824445855617524,0.3828125,0.3828125,0.3515625,0.150390625,0.00019817506586537886,1.2019424438476562,1.2019424438476562,0.00348818302154541,3.8796656131744385,616.770751953125
5580.0,1.00365524366498,1.0824445855617524,0.26171875,0.26171875,0.2158203125,0.1494140625,0.00019714818778989116,1.2019424438476562,1.2019424438476562,0.00348818302154541,3.8796656131744385,616.770751953125
5590.0,1.04365099593997,1.0824445855617524,0.423828125,0.423828125,0.39453125,0.1513671875,0.0001961238390214063,1.2019424438476562,1.2019424438476562,0.00348818302154541,3.8796656131744385,616.770751953125
5600.0,0.9953339174389839,1.0824445855617524,0.259765625,0.259765625,0.2119140625,0.150390625,0.00019510203906204787,1.2019424438476562,1.2019424438476562,0.00348818302154541,3.8796656131744385,616.770751953125
5610.0,0.9810490533709526,1.0824445855617524,0.1875,0.1875,0.115234375,0.1474609375,0.00019408280736541475,1.2019424438476562,1.2019424438476562,0.00348818302154541,3.8796656131744385,616.770751953125
5620.0,0.9915830604732037,1.0824445855617524,0.1904296875,0.1904296875,0.11669921875,0.150390625,0.00019306616333620883,1.2019424438476562,1.2019424438476562,0.00348818302154541,3.8796656131744385,616.770751953125
5630.0,1.047153502702713,1.0824445855617524,0.1943359375,0.1943359375,0.12158203125,0.1513671875,0.00019205212632986723,1.2019424438476562,1.2019424438476562,0.00348818302154541,3.8796656131744385,616.770751953125
5640.0,0.9819118455052376,1.0824445855617524,0.296875,0.296875,0.2578125,0.1474609375,0.00019104071565219263,1.2019424438476562,1.2019424438476562,0.00348818302154541,3.8796656131744385,616.770751953125
5650.0,0.9942983537912369,1.0824445855617524,0.23046875,0.23046875,0.173828125,0.1513671875,0.00019003195055898651,1.2019424438476562,1.2019424438476562,0.00348818302154541,3.8796656131744385,616.770751953125
5660.0,1.0397952795028687,1.0824445855617524,0.2060546875,0.2060546875,0.140625,0.150390625,0.00018902585025568227,1.2019424438476562,1.2019424438476562,0.00348818302154541,3.8796656131744385,616.770751953125
5670.0,0.9753465391695499,1.0824445855617524,0.181640625,0.181640625,0.1083984375,0.1455078125,0.00018802243389697915,1.2019424438476562,1.2019424438476562,0.00348818302154541,3.8796656131744385,616.770751953125
5680.0,0.9298197627067566,1.0824445855617524,0.15234375,0.15234375,0.04638671875,0.1455078125,0.0001870217205864785,1.2019424438476562,1.2019424438476562,0.00348818302154541,3.8796656131744385,616.770751953125
5690.0,1.0002543218433857,1.0824445855617524,0.193359375,0.193359375,0.12109375,0.1513671875,0.00018602372937631906,1.2019424438476562,1.2019424438476562,0.00348818302154541,3.8796656131744385,616.770751953125
5700.0,1.0182681530714035,1.0824445855617524,0.236328125,0.236328125,0.181640625,0.1513671875,0.00018502847926681504,1.2019424438476562,1.2019424438476562,0.00348818302154541,3.8796656131744385,616.770751953125
5710.0,1.0151104405522346,1.0824445855617524,0.2216796875,0.2216796875,0.162109375,0.15234375,0.00018403598920609373,1.2019424438476562,1.2019424438476562,0.00348818302154541,3.8796656131744385,616.770751953125
5720.0,0.9918702132999897,1.0824445855617524,0.2099609375,0.2099609375,0.1474609375,0.150390625,0.00018304627808973537,1.2019424438476562,1.2019424438476562,0.00348818302154541,3.8796656131744385,616.770751953125
5730.0,1.024787925183773,1.0824445855617524,0.2294921875,0.2294921875,0.169921875,0.154296875,0.00018205936476041302,1.2019424438476562,1.2019424438476562,0.00348818302154541,3.8796656131744385,616.770751953125
5740.0,1.017279777675867,1.0824445855617524,0.404296875,0.404296875,0.375,0.1513671875,0.0001810752680075337,1.2019424438476562,1.2019424438476562,0.00348818302154541,3.8796656131744385,616.770751953125
5750.0,0.9780247211456299,1.0824445855617524,0.25390625,0.25390625,0.2060546875,0.1474609375,0.00018009400656688126,1.2019424438476562,1.2019424438476562,0.00348818302154541,3.8796656131744385,616.770751953125
5760.0,0.9805559627711773,1.0824445855617524,0.388671875,0.388671875,0.357421875,0.154296875,0.00017911559912025887,1.2019424438476562,1.2019424438476562,0.00348818302154541,3.8796656131744385,616.770751953125
5770.0,1.0203353017568588,1.0824445855617524,0.2255859375,0.2255859375,0.1669921875,0.1513671875,0.00017814006429513408,1.2019424438476562,1.2019424438476562,0.00348818302154541,3.8796656131744385,616.770751953125
5780.0,0.9776048325002193,1.0824445855617524,0.5625,0.5625,0.54296875,0.1474609375,0.00017716742066428367,1.2019424438476562,1.2019424438476562,0.00348818302154541,3.8796656131744385,616.770751953125
5790.0,0.9897262193262577,1.0824445855617524,0.302734375,0.302734375,0.26171875,0.1513671875,0.0001761976867454404,1.2019424438476562,1.2019424438476562,0.00348818302154541,3.8796656131744385,616.770751953125
5800.0,0.9997921772301197,1.0824445855617524,0.26171875,0.26171875,0.2158203125,0.1494140625,0.0001752308810009403,1.2019424438476562,1.2019424438476562,0.00348818302154541,3.8796656131744385,616.770751953125
5810.0,1.0247855745255947,1.0824445855617524,0.51953125,0.51953125,0.49609375,0.154296875,0.00017426702183737097,1.2019424438476562,1.2019424438476562,0.00348818302154541,3.8796656131744385,616.770751953125
5820.0,1.0127503983676434,1.0824445855617524,0.25,0.25,0.2001953125,0.1513671875,0.0001733061276052216,1.2019424438476562,1.2019424438476562,0.00348818302154541,3.8796656131744385,616.770751953125
5830.0,1.0105397962033749,1.0824445855617524,0.396484375,0.396484375,0.3671875,0.150390625,0.00017234821659853334,1.2019424438476562,1.2019424438476562,0.00348818302154541,3.8796656131744385,616.770751953125
5840.0,0.9566653855144978,1.0824445855617524,0.232421875,0.232421875,0.1787109375,0.1484375,0.0001713933070545509,1.2019424438476562,1.2019424438476562,0.00348818302154541,3.8796656131744385,616.770751953125
5850.0,0.987636148929596,1.0824445855617524,0.220703125,0.220703125,0.1591796875,0.15234375,0.00017044141715337544,1.2019424438476562,1.2019424438476562,0.00348818302154541,3.8796656131744385,616.770751953125
5860.0,1.0147923901677132,1.0824445855617524,0.34765625,0.34765625,0.310546875,0.1533203125,0.00016949256501761877,1.2019424438476562,1.2019424438476562,0.00348818302154541,3.8796656131744385,616.770751953125
5870.0,0.9813456311821938,1.0824445855617524,0.1923828125,0.1923828125,0.12158203125,0.1494140625,0.00016854676871205755,1.2019424438476562,1.2019424438476562,0.00348818302154541,3.8796656131744385,616.770751953125
5880.0,0.9605965130031109,1.0824445855617524,0.359375,0.359375,0.326171875,0.1494140625,0.0001676040462432902,1.2019424438476562,1.2019424438476562,0.00348818302154541,3.8796656131744385,616.770751953125
5890.0,0.9718685410916805,1.0824445855617524,0.21875,0.21875,0.162109375,0.146484375,0.00016666441555939382,1.2019424438476562,1.2019424438476562,0.00348818302154541,3.8796656131744385,616.770751953125
5900.0,0.9909616373479366,1.0824445855617524,0.248046875,0.248046875,0.201171875,0.1455078125,0.00016572789454958185,1.2019424438476562,1.2019424438476562,0.00348818302154541,3.8796656131744385,616.770751953125
5910.0,0.9874187968671322,1.0824445855617524,0.353515625,0.353515625,0.318359375,0.1552734375,0.00016479450104386466,1.2019424438476562,1.2019424438476562,0.00348818302154541,3.8796656131744385,616.770751953125
5920.0,1.0147022120654583,1.0824445855617524,0.3203125,0.3203125,0.279296875,0.1552734375,0.00016386425281270887,1.2019424438476562,1.2019424438476562,0.00348818302154541,3.8796656131744385,616.770751953125
5930.0,1.0233539268374443,1.0824445855617524,0.271484375,0.271484375,0.228515625,0.1474609375,0.0001629371675667001,1.2019424438476562,1.2019424438476562,0.00348818302154541,3.8796656131744385,616.770751953125
5940.0,1.000189185142517,1.0824445855617524,0.2294921875,0.2294921875,0.1728515625,0.150390625,0.00016201326295620487,1.2019424438476562,1.2019424438476562,0.00348818302154541,3.8796656131744385,616.770751953125
5950.0,0.9901910796761513,1.0824445855617524,0.1982421875,0.1982421875,0.1298828125,0.150390625,0.0001610925565710353,1.2019424438476562,1.2019424438476562,0.00348818302154541,3.8796656131744385,616.770751953125
5960.0,1.0339922867715359,1.0824445855617524,0.380859375,0.380859375,0.349609375,0.1513671875,0.00016017506594011386,1.2019424438476562,1.2019424438476562,0.00348818302154541,3.8796656131744385,616.770751953125
5970.0,1.0043312907218933,1.0824445855617524,0.2197265625,0.2197265625,0.1591796875,0.150390625,0.0001592608085311395,1.2019424438476562,1.2019424438476562,0.00348818302154541,3.8796656131744385,616.770751953125
5980.0,1.0058130659162998,1.0824445855617524,0.25390625,0.25390625,0.2041015625,0.150390625,0.0001583498017502555,1.2019424438476562,1.2019424438476562,0.00348818302154541,3.8796656131744385,616.770751953125
5990.0,0.9664992615580559,1.0824445855617524,0.455078125,0.455078125,0.4296875,0.1484375,0.00015744206294171764,1.2019424438476562,1.2019424438476562,0.00348818302154541,3.8796656131744385,616.770751953125
6000.0,1.0169952139258385,1.0495269799232483,0.26171875,0.26171875,0.212890625,0.1513671875,0.00015653760938756458,1.2019424438476562,1.2019424438476562,0.00348818302154541,4.093833883603414,572.4854736328125
6010.0,0.9676594771444798,1.0495269799232483,0.2177734375,0.2177734375,0.1591796875,0.1484375,0.00015563645830728805,1.2019424438476562,1.2019424438476562,0.00348818302154541,4.093833883603414,572.4854736328125
6020.0,0.9541803635656834,1.0495269799232483,0.26171875,0.26171875,0.216796875,0.14453125,0.00015473862685750568,1.2019424438476562,1.2019424438476562,0.00348818302154541,4.093833883603414,572.4854736328125
6030.0,0.9995279349386692,1.0495269799232483,0.1748046875,0.1748046875,0.08984375,0.1494140625,0.00015384413213163423,1.2019424438476562,1.2019424438476562,0.00348818302154541,4.093833883603414,572.4854736328125
6040.0,0.977388970553875,1.0495269799232483,0.2578125,0.2578125,0.208984375,0.1494140625,0.0001529529911595637,1.2019424438476562,1.2019424438476562,0.00348818302154541,4.093833883603414,572.4854736328125
6050.0,1.0210649222135544,1.0495269799232483,0.19140625,0.19140625,0.119140625,0.1494140625,0.0001520652209073337,1.2019424438476562,1.2019424438476562,0.00348818302154541,4.093833883603414,572.4854736328125
6060.0,0.9684899635612965,1.0495269799232483,0.25,0.25,0.2021484375,0.1474609375,0.00015118083827681014,1.2019424438476562,1.2019424438476562,0.00348818302154541,4.093833883603414,572.4854736328125
6070.0,0.999934732913971,1.0495269799232483,0.2099609375,0.2099609375,0.1474609375,0.1494140625,0.00015029986010536365,1.2019424438476562,1.2019424438476562,0.00348818302154541,4.093833883603414,572.4854736328125
6080.0,0.992999792098999,1.0495269799232483,0.2578125,0.2578125,0.208984375,0.15234375,0.00014942230316554846,1.2019424438476562,1.2019424438476562,0.00348818302154541,4.093833883603414,572.4854736328125
6090.0,1.0088581964373589,1.0495269799232483,0.162109375,0.162109375,0.060791015625,0.1494140625,0.00014854818416478396,1.2019424438476562,1.2019424438476562,0.00348818302154541,4.093833883603414,572.4854736328125
6100.0,0.990032784640789,1.0495269799232483,0.2021484375,0.2021484375,0.134765625,0.150390625,0.00014767751974503567,1.2019424438476562,1.2019424438476562,0.00348818302154541,4.093833883603414,572.4854736328125
6110.0,1.0010259822010994,1.0495269799232483,0.171875,0.171875,0.08544921875,0.1494140625,0.00014681032648249928,1.2019424438476562,1.2019424438476562,0.00348818302154541,4.093833883603414,572.4854736328125
6120.0,1.003592275083065,1.0495269799232483,0.185546875,0.185546875,0.11181640625,0.1484375,0.0001459466208872845,1.2019424438476562,1.2019424438476562,0.00348818302154541,4.093833883603414,572.4854736328125
6130.0,0.9669746719300747,1.0495269799232483,0.2294921875,0.2294921875,0.1748046875,0.1484375,0.00014508641940310074,1.2019424438476562,1.2019424438476562,0.00348818302154541,4.093833883603414,572.4854736328125
6140.0,0.9978892654180527,1.0495269799232483,0.357421875,0.357421875,0.32421875,0.1513671875,0.00014422973840694443,1.2019424438476562,1.2019424438476562,0.00348818302154541,4.093833883603414,572.4854736328125
6150.0,0.9576906263828278,1.0495269799232483,0.1865234375,0.1865234375,0.115234375,0.1474609375,0.00014337659420878666,1.2019424438476562,1.2019424438476562,0.00348818302154541,4.093833883603414,572.4854736328125
6160.0,1.0075898244976997,1.0495269799232483,0.1767578125,0.1767578125,0.09521484375,0.1494140625,0.00014252700305126344,1.2019424438476562,1.2019424438476562,0.00348818302154541,4.093833883603414,572.4854736328125
6170.0,1.0094516351819038,1.0495269799232483,0.36328125,0.36328125,0.33203125,0.150390625,0.0001416809811093655,1.2019424438476562,1.2019424438476562,0.00348818302154541,4.093833883603414,572.4854736328125
6180.0,0.9685119204223156,1.0495269799232483,0.32421875,0.32421875,0.28515625,0.1572265625,0.00014083854449013121,1.2019424438476562,1.2019424438476562,0.00348818302154541,4.093833883603414,572.4854736328125
6190.0,0.9853100515902042,1.0495269799232483,0.177734375,0.177734375,0.0947265625,0.150390625,0.0001399997092323396,1.2019424438476562,1.2019424438476562,0.00348818302154541,4.093833883603414,572.4854736328125
6200.0,0.9616050980985165,1.0495269799232483,0.2001953125,0.2001953125,0.134765625,0.1484375,0.00013916449130620454,1.2019424438476562,1.2019424438476562,0.00348818302154541,4.093833883603414,572.4854736328125
6210.0,0.9821750968694687,1.0495269799232483,0.1865234375,0.1865234375,0.11083984375,0.1494140625,0.00013833290661307163,1.2019424438476562,1.2019424438476562,0.00348818302154541,4.093833883603414,572.4854736328125
6220.0,0.996612049639225,1.0495269799232483,0.4140625,0.4140625,0.384765625,0.15234375,0.0001375049709851146,1.2019424438476562,1.2019424438476562,0.00348818302154541,4.093833883603414,572.4854736328125
6230.0,0.9896926656365395,1.0495269799232483,0.359375,0.359375,0.32421875,0.1533203125,0.00013668070018503438,1.2019424438476562,1.2019424438476562,0.00348818302154541,4.093833883603414,572.4854736328125
6240.0,0.9436788745224476,1.0495269799232483,0.36328125,0.36328125,0.33203125,0.1474609375,0.00013586010990575894,1.2019424438476562,1.2019424438476562,0.00348818302154541,4.093833883603414,572.4854736328125
6250.0,1.0101704709231853,1.0495269799232483,0.2294921875,0.2294921875,0.1748046875,0.1484375,0.0001350432157701442,1.2019424438476562,1.2019424438476562,0.00348818302154541,4.093833883603414,572.4854736328125
6260.0,1.0179558582603931,1.0495269799232483,0.5,0.5,0.478515625,0.1494140625,0.00013423003333067713,1.2019424438476562,1.2019424438476562,0.00348818302154541,4.093833883603414,572.4854736328125
6270.0,1.0014782696962357,1.0495269799232483,0.2275390625,0.2275390625,0.171875,0.150390625,0.00013342057806917893,1.2019424438476562,1.2019424438476562,0.00348818302154541,4.093833883603414,572.4854736328125
6280.0,1.021068535745144,1.0495269799232483,0.23046875,0.23046875,0.171875,0.1533203125,0.00013261486539651137,1.2019424438476562,1.2019424438476562,0.00348818302154541,4.093833883603414,572.4854736328125
6290.0,0.9710252769291401,1.0495269799232483,0.2099609375,0.2099609375,0.1494140625,0.1484375,0.00013181291065228197,1.2019424438476562,1.2019424438476562,0.00348818302154541,4.093833883603414,572.4854736328125
6300.0,0.9871011897921562,1.0495269799232483,0.455078125,0.455078125,0.4296875,0.150390625,0.0001310147291045533,1.2019424438476562,1.2019424438476562,0.00348818302154541,4.093833883603414,572.4854736328125
6310.0,0.976312730461359,1.0495269799232483,0.2578125,0.2578125,0.2080078125,0.150390625,0.00013022033594955134,1.2019424438476562,1.2019424438476562,0.00348818302154541,4.093833883603414,572.4854736328125
6320.0,1.007361963391304,1.0495269799232483,0.3828125,0.3828125,0.349609375,0.154296875,0.00012942974631137676,1.2019424438476562,1.2019424438476562,0.00348818302154541,4.093833883603414,572.4854736328125
6330.0,0.9789576455950737,1.0495269799232483,0.23046875,0.23046875,0.173828125,0.150390625,0.00012864297524171653,1.2019424438476562,1.2019424438476562,0.00348818302154541,4.093833883603414,572.4854736328125
6340.0,0.9660308510065079,1.0495269799232483,0.337890625,0.337890625,0.3046875,0.1474609375,0.00012786003771955782,1.2019424438476562,1.2019424438476562,0.00348818302154541,4.093833883603414,572.4854736328125
6350.0,0.9528072401881218,1.0495269799232483,0.1640625,0.1640625,0.0693359375,0.1484375,0.00012708094865090253,1.2019424438476562,1.2019424438476562,0.00348818302154541,4.093833883603414,572.4854736328125
6360.0,0.9861042127013206,1.0495269799232483,0.1689453125,0.1689453125,0.07275390625,0.15234375,0.00012630572286848334,1.2019424438476562,1.2019424438476562,0.00348818302154541,4.093833883603414,572.4854736328125
6370.0,0.9464823417365551,1.0495269799232483,0.2392578125,0.2392578125,0.1865234375,0.1484375,0.00012553437513148182,1.2019424438476562,1.2019424438476562,0.00348818302154541,4.093833883603414,572.4854736328125
6380.0,0.9927869401872158,1.0495269799232483,0.265625,0.265625,0.21875,0.1494140625,0.00012476692012524683,1.2019424438476562,1.2019424438476562,0.00348818302154541,4.093833883603414,572.4854736328125
6390.0,1.0097898915410042,1.0495269799232483,0.271484375,0.271484375,0.2255859375,0.1513671875,0.00012400337246101561,1.2019424438476562,1.2019424438476562,0.00348818302154541,4.093833883603414,572.4854736328125
6400.0,0.9987077116966248,1.0495269799232483,0.298828125,0.298828125,0.255859375,0.1533203125,0.00012324374667563502,1.2019424438476562,1.2019424438476562,0.00348818302154541,4.093833883603414,572.4854736328125
6410.0,0.965428315103054,1.0495269799232483,0.265625,0.265625,0.21875,0.150390625,0.00012248805723128492,1.2019424438476562,1.2019424438476562,0.00348818302154541,4.093833883603414,572.4854736328125
6420.0,1.0039645954966545,1.0495269799232483,0.1806640625,0.1806640625,0.10205078125,0.1494140625,0.0001217363185152032,1.2019424438476562,1.2019424438476562,0.00348818302154541,4.093833883603414,572.4854736328125
6430.0,0.9592541754245758,1.0495269799232483,0.2578125,0.2578125,0.2119140625,0.1474609375,0.00012098854483941125,1.2019424438476562,1.2019424438476562,0.00348818302154541,4.093833883603414,572.4854736328125
6440.0,0.9690676741302013,1.0495269799232483,0.326171875,0.326171875,0.2890625,0.1484375,0.00012024475044044208,1.2019424438476562,1.2019424438476562,0.00348818302154541,4.093833883603414,572.4854736328125
6450.0,0.9873813427984715,1.0495269799232483,0.251953125,0.251953125,0.2001953125,0.15234375,0.00011950494947906879,1.2019424438476562,1.2019424438476562,0.00348818302154541,4.093833883603414,572.4854736328125
6460.0,0.9821432866156101,1.0495269799232483,0.29296875,0.29296875,0.251953125,0.1484375,0.00011876915604003535,1.2019424438476562,1.2019424438476562,0.00348818302154541,4.093833883603414,572.4854736328125
6470.0,0.9931198954582214,1.0495269799232483,0.1728515625,0.1728515625,0.07958984375,0.1533203125,0.00011803738413178824,1.2019424438476562,1.2019424438476562,0.00348818302154541,4.093833883603414,572.4854736328125
6480.0,1.0098023675382137,1.0495269799232483,0.251953125,0.251953125,0.2001953125,0.15234375,0.00011730964768620966,1.2019424438476562,1.2019424438476562,0.00348818302154541,4.093833883603414,572.4854736328125
6490.0,0.9634022116661072,1.0495269799232483,0.232421875,0.232421875,0.177734375,0.150390625,0.00011658596055835268,1.2019424438476562,1.2019424438476562,0.00348818302154541,4.093833883603414,572.4854736328125
6500.0,0.9580591656267643,1.0495269799232483,0.400390625,0.400390625,0.37109375,0.1474609375,0.00011586633652617679,1.2019424438476562,1.2019424438476562,0.00348818302154541,4.093833883603414,572.4854736328125
6510.0,0.9539703093469143,1.0495269799232483,0.2177734375,0.2177734375,0.16015625,0.1484375,0.00011515078929028657,1.2019424438476562,1.2019424438476562,0.00348818302154541,4.093833883603414,572.4854736328125
6520.0,0.9587170295417309,1.0495269799232483,0.427734375,0.427734375,0.400390625,0.1474609375,0.00011443933247366975,1.2019424438476562,1.2019424438476562,0.00348818302154541,4.093833883603414,572.4854736328125
6530.0,0.968805119395256,1.0495269799232483,0.2431640625,0.2431640625,0.193359375,0.1474609375,0.00011373197962143865,1.2019424438476562,1.2019424438476562,0.00348818302154541,4.093833883603414,572.4854736328125
6540.0,1.0383146479725838,1.0495269799232483,0.20703125,0.20703125,0.1416015625,0.150390625,0.00011302874420057184,1.2019424438476562,1.2019424438476562,0.00348818302154541,4.093833883603414,572.4854736328125
6550.0,1.0065500400960445,1.0495269799232483,0.56640625,0.56640625,0.54296875,0.15625,0.00011232963959965814,1.2019424438476562,1.2019424438476562,0.00348818302154541,4.093833883603414,572.4854736328125
6560.0,0.9397439286112785,1.0495269799232483,0.1796875,0.1796875,0.10302734375,0.1474609375,0.00011163467912864147,1.2019424438476562,1.2019424438476562,0.00348818302154541,4.093833883603414,572.4854736328125
6570.0,0.9762833714485168,1.0495269799232483,0.283203125,0.283203125,0.2412109375,0.150390625,0.00011094387601856727,1.2019424438476562,1.2019424438476562,0.00348818302154541,4.093833883603414,572.4854736328125
6580.0,0.9883738346397877,1.0495269799232483,0.2451171875,0.2451171875,0.193359375,0.1513671875,0.00011025724342133115,1.2019424438476562,1.2019424438476562,0.00348818302154541,4.093833883603414,572.4854736328125
6590.0,0.9534159600734711,1.0495269799232483,0.2216796875,0.2216796875,0.1650390625,0.1484375,0.00010957479440942787,1.2019424438476562,1.2019424438476562,0.00348818302154541,4.093833883603414,572.4854736328125
6600.0,0.9704306870698929,1.0495269799232483,0.2392578125,0.2392578125,0.1875,0.1484375,0.00010889654197570299,1.2019424438476562,1.2019424438476562,0.00348818302154541,4.093833883603414,572.4854736328125
6610.0,0.9820325896143913,1.0495269799232483,0.373046875,0.373046875,0.341796875,0.1474609375,0.00010822249903310504,1.2019424438476562,1.2019424438476562,0.00348818302154541,4.093833883603414,572.4854736328125
6620.0,0.9887891858816147,1.0495269799232483,0.322265625,0.322265625,0.28515625,0.150390625,0.00010755267841444012,1.2019424438476562,1.2019424438476562,0.00348818302154541,4.093833883603414,572.4854736328125
6630.0,0.9753767810761929,1.0495269799232483,0.1904296875,0.1904296875,0.119140625,0.1484375,0.00010688709287212737,1.2019424438476562,1.2019424438476562,0.00348818302154541,4.093833883603414,572.4854736328125
6640.0,0.9826587922871113,1.0495269799232483,0.265625,0.265625,0.2216796875,0.1474609375,0.00010622575507795591,1.2019424438476562,1.2019424438476562,0.00348818302154541,4.093833883603414,572.4854736328125
6650.0,0.9768188446760178,1.0495269799232483,0.1953125,0.1953125,0.126953125,0.1484375,0.0001055686776228442,1.2019424438476562,1.2019424438476562,0.00348818302154541,4.093833883603414,572.4854736328125
6660.0,1.0207462273538113,1.0495269799232483,0.310546875,0.310546875,0.267578125,0.1552734375,0.00010491587301659971,1.2019424438476562,1.2019424438476562,0.00348818302154541,4.093833883603414,572.4854736328125
6670.0,0.9981384985148907,1.0495269799232483,0.455078125,0.455078125,0.427734375,0.15234375,0.00010426735368768127,1.2019424438476562,1.2019424438476562,0.00348818302154541,4.093833883603414,572.4854736328125
6680.0,0.9860307835042477,1.0495269799232483,0.1650390625,0.1650390625,0.06982421875,0.150390625,0.00010362313198296195,1.2019424438476562,1.2019424438476562,0.00348818302154541,4.093833883603414,572.4854736328125
6690.0,0.9936210885643959,1.0495269799232483,0.279296875,0.279296875,0.236328125,0.150390625,0.00010298322016749444,1.2019424438476562,1.2019424438476562,0.00348818302154541,4.093833883603414,572.4854736328125
6700.0,0.9766919277608395,1.0495269799232483,0.2080078125,0.2080078125,0.142578125,0.1513671875,0.00010234763042427734,1.2019424438476562,1.2019424438476562,0.00348818302154541,4.093833883603414,572.4854736328125
6710.0,0.9944672659039497,1.0495269799232483,0.216796875,0.216796875,0.1552734375,0.1513671875,0.00010171637485402312,1.2019424438476562,1.2019424438476562,0.00348818302154541,4.093833883603414,572.4854736328125
6720.0,0.9451441988348961,1.0495269799232483,0.1728515625,0.1728515625,0.0908203125,0.1474609375,0.0001010894654749279,1.2019424438476562,1.2019424438476562,0.00348818302154541,4.093833883603414,572.4854736328125
6730.0,1.0039873644709587,1.0495269799232483,0.1591796875,0.1591796875,0.05615234375,0.1484375,0.00010046691422244259,1.2019424438476562,1.2019424438476562,0.00348818302154541,4.093833883603414,572.4854736328125
6740.0,0.9789340645074844,1.0495269799232483,0.294921875,0.294921875,0.251953125,0.15234375,9.984873294904573e-05,1.2019424438476562,1.2019424438476562,0.00348818302154541,4.093833883603414,572.4854736328125
6750.0,0.9655232168734074,1.0495269799232483,0.2080078125,0.2080078125,0.1455078125,0.1484375,9.923493342401756e-05,1.2019424438476562,1.2019424438476562,0.00348818302154541,4.093833883603414,572.4854736328125
6760.0,1.0053999722003937,1.0495269799232483,0.169921875,0.169921875,0.0810546875,0.1494140625,9.862552733321634e-05,1.2019424438476562,1.2019424438476562,0.00348818302154541,4.093833883603414,572.4854736328125
6770.0,1.0058702751994133,1.0495269799232483,0.275390625,0.275390625,0.2333984375,0.1484375,9.802052627885555e-05,1.2019424438476562,1.2019424438476562,0.00348818302154541,4.093833883603414,572.4854736328125
6780.0,0.9853090941905975,1.0495269799232483,0.298828125,0.298828125,0.2578125,0.150390625,9.741994177928318e-05,1.2019424438476562,1.2019424438476562,0.00348818302154541,4.093833883603414,572.4854736328125
6790.0,1.0135253332555294,1.0495269799232483,0.255859375,0.255859375,0.205078125,0.15234375,9.682378526876248e-05,1.2019424438476562,1.2019424438476562,0.00348818302154541,4.093833883603414,572.4854736328125
6800.0,0.9888434074819088,1.0495269799232483,0.181640625,0.181640625,0.1015625,0.150390625,9.623206809725393e-05,1.2019424438476562,1.2019424438476562,0.00348818302154541,4.093833883603414,572.4854736328125
6810.0,0.9642636887729168,1.0495269799232483,0.17578125,0.17578125,0.09326171875,0.1494140625,9.564480153019961e-05,1.2019424438476562,1.2019424438476562,0.00348818302154541,4.093833883603414,572.4854736328125
6820.0,0.9606076031923294,1.0495269799232483,0.173828125,0.173828125,0.09033203125,0.1484375,9.506199674830837e-05,1.2019424438476562,1.2019424438476562,0.00348818302154541,4.093833883603414,572.4854736328125
6830.0,0.9650921374559402,1.0495269799232483,0.28125,0.28125,0.2373046875,0.1513671875,9.448366484734325e-05,1.2019424438476562,1.2019424438476562,0.00348818302154541,4.093833883603414,572.4854736328125
6840.0,0.9867046028375626,1.0495269799232483,0.19921875,0.19921875,0.1337890625,0.1484375,9.390981683790993e-05,1.2019424438476562,1.2019424438476562,0.00348818302154541,4.093833883603414,572.4854736328125
6850.0,0.9600641466677189,1.0495269799232483,0.1787109375,0.1787109375,0.095703125,0.150390625,9.33404636452473e-05,1.2019424438476562,1.2019424438476562,0.00348818302154541,4.093833883603414,572.4854736328125
6860.0,0.9860009029507637,1.0495269799232483,0.251953125,0.251953125,0.2021484375,0.150390625,9.277561610901955e-05,1.2019424438476562,1.2019424438476562,0.00348818302154541,4.093833883603414,572.4854736328125
6870.0,0.9678325355052948,1.0495269799232483,0.162109375,0.162109375,0.0625,0.150390625,9.221528498310947e-05,1.2019424438476562,1.2019424438476562,0.00348818302154541,4.093833883603414,572.4854736328125
6880.0,0.9913914278149605,1.0495269799232483,0.263671875,0.263671875,0.2177734375,0.1494140625,9.165948093541404e-05,1.2019424438476562,1.2019424438476562,0.00348818302154541,4.093833883603414,572.4854736328125
6890.0,0.9910819232463837,1.0495269799232483,0.173828125,0.173828125,0.0849609375,0.1513671875,9.110821454764111e-05,1.2019424438476562,1.2019424438476562,0.00348818302154541,4.093833883603414,572.4854736328125
6900.0,0.9893552698194981,1.0495269799232483,0.306640625,0.306640625,0.267578125,0.1494140625,9.056149631510814e-05,1.2019424438476562,1.2019424438476562,0.00348818302154541,4.093833883603414,572.4854736328125
6910.0,0.9770961217582226,1.0495269799232483,0.27734375,0.27734375,0.23046875,0.15234375,9.00193366465421e-05,1.2019424438476562,1.2019424438476562,0.00348818302154541,4.093833883603414,572.4854736328125
6920.0,0.9586515165865421,1.0495269799232483,0.201171875,0.201171875,0.1318359375,0.15234375,8.948174586388164e-05,1.2019424438476562,1.2019424438476562,0.00348818302154541,4.093833883603414,572.4854736328125
6930.0,0.9858595840632915,1.0495269799232483,0.24609375,0.24609375,0.1923828125,0.1533203125,8.894873420208039e-05,1.2019424438476562,1.2019424438476562,0.00348818302154541,4.093833883603414,572.4854736328125
6940.0,0.9741505607962608,1.0495269799232483,0.1845703125,0.1845703125,0.10693359375,0.150390625,8.842031180891194e-05,1.2019424438476562,1.2019424438476562,0.00348818302154541,4.093833883603414,572.4854736328125
6950.0,0.9564081728458405,1.0495269799232483,0.228515625,0.228515625,0.173828125,0.1484375,8.789648874477704e-05,1.2019424438476562,1.2019424438476562,0.00348818302154541,4.093833883603414,572.4854736328125
6960.0,0.9936475977301598,1.0495269799232483,0.1943359375,0.1943359375,0.12060546875,0.15234375,8.737727498251175e-05,1.2019424438476562,1.2019424438476562,0.00348818302154541,4.093833883603414,572.4854736328125
6970.0,0.9706304967403412,1.0495269799232483,0.1669921875,0.1669921875,0.076171875,0.1484375,8.68626804071977e-05,1.2019424438476562,1.2019424438476562,0.00348818302154541,4.093833883603414,572.4854736328125
6980.0,0.987240843474865,1.0495269799232483,0.2294921875,0.2294921875,0.173828125,0.150390625,8.635271481597376e-05,1.2019424438476562,1.2019424438476562,0.00348818302154541,4.093833883603414,572.4854736328125
6990.0,0.9945031926035881,1.0495269799232483,0.2197265625,0.2197265625,0.16015625,0.150390625,8.584738791784976e-05,1.2019424438476562,1.2019424438476562,0.00348818302154541,4.093833883603414,572.4854736328125
7000.0,0.9865487441420555,1.0478815889358521,0.220703125,0.220703125,0.1611328125,0.1513671875,8.534670933352134e-05,1.2019424438476562,1.2019424438476562,0.00348818302154541,3.9642349183559418,575.5806274414062
7010.0,1.019548486918211,1.0478815889358521,0.1953125,0.1953125,0.126953125,0.1484375,8.485068859518711e-05,1.2019424438476562,1.2019424438476562,0.00348818302154541,3.9642349183559418,575.5806274414062
7020.0,1.002499733120203,1.0478815889358521,0.189453125,0.189453125,0.11767578125,0.1484375,8.435933514636691e-05,1.2019424438476562,1.2019424438476562,0.00348818302154541,3.9642349183559418,575.5806274414062
7030.0,0.9609870612621307,1.0478815889358521,0.1884765625,0.1884765625,0.11376953125,0.150390625,8.387265834172212e-05,1.2019424438476562,1.2019424438476562,0.00348818302154541,3.9642349183559418,575.5806274414062
7040.0,0.9517794288694859,1.0478815889358521,0.26953125,0.26953125,0.2255859375,0.146484375,8.33906674468776e-05,1.2019424438476562,1.2019424438476562,0.00348818302154541,3.9642349183559418,575.5806274414062
7050.0,0.958801407366991,1.0478815889358521,0.1845703125,0.1845703125,0.10986328125,0.1484375,8.291337163824515e-05,1.2019424438476562,1.2019424438476562,0.00348818302154541,3.9642349183559418,575.5806274414062
7060.0,1.015511006116867,1.0478815889358521,0.287109375,0.287109375,0.244140625,0.1533203125,8.244078000284907e-05,1.2019424438476562,1.2019424438476562,0.00348818302154541,3.9642349183559418,575.5806274414062
7070.0,0.9729442819952965,1.0478815889358521,0.3125,0.3125,0.2734375,0.1533203125,8.197290153815273e-05,1.2019424438476562,1.2019424438476562,0.00348818302154541,3.9642349183559418,575.5806274414062
7080.0,0.967436645179987,1.0478815889358521,0.25,0.25,0.2021484375,0.146484375,8.150974515188774e-05,1.2019424438476562,1.2019424438476562,0.00348818302154541,3.9642349183559418,575.5806274414062
7090.0,0.9724458679556847,1.0478815889358521,0.462890625,0.462890625,0.4375,0.1513671875,8.105131966188413e-05,1.2019424438476562,1.2019424438476562,0.00348818302154541,3.9642349183559418,575.5806274414062
7100.0,0.986267052590847,1.0478815889358521,0.173828125,0.173828125,0.08349609375,0.15234375,8.059763379590229e-05,1.2019424438476562,1.2019424438476562,0.00348818302154541,3.9642349183559418,575.5806274414062
7110.0,0.9474308229982853,1.0478815889358521,0.1669921875,0.1669921875,0.06787109375,0.15234375,8.014869619146726e-05,1.2019424438476562,1.2019424438476562,0.00348818302154541,3.9642349183559418,575.5806274414062
7120.0,0.956672340631485,1.0478815889358521,0.201171875,0.201171875,0.1328125,0.150390625,7.97045153957038e-05,1.2019424438476562,1.2019424438476562,0.00348818302154541,3.9642349183559418,575.5806274414062
7130.0,0.9709431901574135,1.0478815889358521,0.1787109375,0.1787109375,0.09521484375,0.1513671875,7.926509986517403e-05,1.2019424438476562,1.2019424438476562,0.00348818302154541,3.9642349183559418,575.5806274414062
7140.0,1.001247651875019,1.0478815889358521,0.37109375,0.37109375,0.33984375,0.150390625,7.883045796571631e-05,1.2019424438476562,1.2019424438476562,0.00348818302154541,3.9642349183559418,575.5806274414062
7150.0,0.9403507597744465,1.0478815889358521,0.298828125,0.298828125,0.2578125,0.1513671875,7.840059797228578e-05,1.2019424438476562,1.2019424438476562,0.00348818302154541,3.9642349183559418,575.5806274414062
7160.0,0.9768189452588558,1.0478815889358521,0.412109375,0.412109375,0.3828125,0.1513671875,7.797552806879714e-05,1.2019424438476562,1.2019424438476562,0.00348818302154541,3.9642349183559418,575.5806274414062
7170.0,0.9864431135356426,1.0478815889358521,0.2314453125,0.2314453125,0.17578125,0.1513671875,7.755525634796855e-05,1.2019424438476562,1.2019424438476562,0.00348818302154541,3.9642349183559418,575.5806274414062
7180.0,0.939522311091423,1.0478815889358521,0.21484375,0.21484375,0.15625,0.1474609375,7.71397908111679e-05,1.2019424438476562,1.2019424438476562,0.00348818302154541,3.9642349183559418,575.5806274414062
7190.0,0.9590175077319145,1.0478815889358521,0.26171875,0.26171875,0.216796875,0.1474609375,7.672913936826006e-05,1.2019424438476562,1.2019424438476562,0.00348818302154541,3.9642349183559418,575.5806274414062
7200.0,0.9716156870126724,1.0478815889358521,0.1865234375,0.1865234375,0.109375,0.1513671875,7.632330983745658e-05,1.2019424438476562,1.2019424438476562,0.00348818302154541,3.9642349183559418,575.5806274414062
7210.0,0.9982509426772594,1.0478815889358521,0.1689453125,0.1689453125,0.07861328125,0.150390625,7.592230994516667e-05,1.2019424438476562,1.2019424438476562,0.00348818302154541,3.9642349183559418,575.5806274414062
7220.0,0.9709161520004272,1.0478815889358521,0.45703125,0.45703125,0.431640625,0.1484375,7.552614732585031e-05,1.2019424438476562,1.2019424438476562,0.00348818302154541,3.9642349183559418,575.5806274414062
7230.0,0.9774625487625599,1.0478815889358521,0.28515625,0.28515625,0.2421875,0.1513671875,7.513482952187272e-05,1.2019424438476562,1.2019424438476562,0.00348818302154541,3.9642349183559418,575.5806274414062
7240.0,0.9662674032151699,1.0478815889358521,0.2392578125,0.2392578125,0.1865234375,0.1494140625,7.474836398336078e-05,1.2019424438476562,1.2019424438476562,0.00348818302154541,3.9642349183559418,575.5806274414062
7250.0,0.9733317978680134,1.0478815889358521,0.1884765625,0.1884765625,0.1123046875,0.150390625,7.436675806806133e-05,1.2019424438476562,1.2019424438476562,0.00348818302154541,3.9642349183559418,575.5806274414062
7260.0,0.9523253068327904,1.0478815889358521,0.23046875,0.23046875,0.177734375,0.146484375,7.39900190412008e-05,1.2019424438476562,1.2019424438476562,0.00348818302154541,3.9642349183559418,575.5806274414062
7270.0,1.007765881717205,1.0478815889358521,0.484375,0.484375,0.4609375,0.1513671875,7.361815407534737e-05,1.2019424438476562,1.2019424438476562,0.00348818302154541,3.9642349183559418,575.5806274414062
7280.0,0.9805899411439896,1.0478815889358521,0.17578125,0.17578125,0.09033203125,0.150390625,7.325117025027382e-05,1.2019424438476562,1.2019424438476562,0.00348818302154541,3.9642349183559418,575.5806274414062
7290.0,0.975383497774601,1.0478815889358521,0.275390625,0.275390625,0.23046875,0.1494140625,7.288907455282321e-05,1.2019424438476562,1.2019424438476562,0.00348818302154541,3.9642349183559418,575.5806274414062
7300.0,0.9601347520947456,1.0478815889358521,0.361328125,0.361328125,0.326171875,0.15234375,7.253187387677577e-05,1.2019424438476562,1.2019424438476562,0.00348818302154541,3.9642349183559418,575.5806274414062
7310.0,0.9554590284824371,1.0478815889358521,0.400390625,0.400390625,0.37109375,0.150390625,7.217957502271735e-05,1.2019424438476562,1.2019424438476562,0.00348818302154541,3.9642349183559418,575.5806274414062
7320.0,0.9807962365448475,1.0478815889358521,0.33203125,0.33203125,0.294921875,0.150390625,7.183218469791038e-05,1.2019424438476562,1.2019424438476562,0.00348818302154541,3.9642349183559418,575.5806274414062
7330.0,0.9695777371525764,1.0478815889358521,0.46875,0.46875,0.4453125,0.150390625,7.148970951616582e-05,1.2019424438476562,1.2019424438476562,0.00348818302154541,3.9642349183559418,575.5806274414062
7340.0,0.9655807428061962,1.0478815889358521,0.318359375,0.318359375,0.279296875,0.1533203125,7.115215599771759e-05,1.2019424438476562,1.2019424438476562,0.00348818302154541,3.9642349183559418,575.5806274414062
7350.0,0.9494437128305435,1.0478815889358521,0.2578125,0.2578125,0.208984375,0.150390625,7.081953056909795e-05,1.2019424438476562,1.2019424438476562,0.00348818302154541,3.9642349183559418,575.5806274414062
7360.0,0.9795369170606136,1.0478815889358521,0.1796875,0.1796875,0.10009765625,0.1484375,7.049183956301571e-05,1.2019424438476562,1.2019424438476562,0.00348818302154541,3.9642349183559418,575.5806274414062
7370.0,0.9699728339910507,1.0478815889358521,0.158203125,0.158203125,0.0546875,0.1484375,7.016908921823523e-05,1.2019424438476562,1.2019424438476562,0.00348818302154541,3.9642349183559418,575.5806274414062
7380.0,0.9542772509157658,1.0478815889358521,0.1953125,0.1953125,0.1259765625,0.1494140625,6.985128567945782e-05,1.2019424438476562,1.2019424438476562,0.00348818302154541,3.9642349183559418,575.5806274414062
7390.0,0.9867717958986759,1.0478815889358521,0.2021484375,0.2021484375,0.134765625,0.150390625,6.953843499720483e-05,1.2019424438476562,1.2019424438476562,0.00348818302154541,3.9642349183559418,575.5806274414062
7400.0,0.9650104604661465,1.0478815889358521,0.1953125,0.1953125,0.12451171875,0.1513671875,6.923054312770217e-05,1.2019424438476562,1.2019424438476562,0.00348818302154541,3.9642349183559418,575.5806274414062
7410.0,0.966033324599266,1.0478815889358521,0.181640625,0.181640625,0.1044921875,0.1484375,6.892761593276729e-05,1.2019424438476562,1.2019424438476562,0.00348818302154541,3.9642349183559418,575.5806274414062
7420.0,0.9732291623950005,1.0478815889358521,0.357421875,0.357421875,0.322265625,0.1513671875,6.86296591796973e-05,1.2019424438476562,1.2019424438476562,0.00348818302154541,3.9642349183559418,575.5806274414062
7430.0,0.963891327381134,1.0478815889358521,0.244140625,0.244140625,0.1923828125,0.150390625,6.833667854115934e-05,1.2019424438476562,1.2019424438476562,0.00348818302154541,3.9642349183559418,575.5806274414062
7440.0,0.9878343902528286,1.0478815889358521,0.1943359375,0.1943359375,0.123046875,0.1513671875,6.804867959508235e-05,1.2019424438476562,1.2019424438476562,0.00348818302154541,3.9642349183559418,575.5806274414062
7450.0,0.9922282844781876,1.0478815889358521,0.2353515625,0.2353515625,0.1796875,0.15234375,6.77656678245512e-05,1.2019424438476562,1.2019424438476562,0.00348818302154541,3.9642349183559418,575.5806274414062
7460.0,0.9778048321604729,1.0478815889358521,0.48828125,0.48828125,0.466796875,0.146484375,6.748764861770201e-05,1.2019424438476562,1.2019424438476562,0.00348818302154541,3.9642349183559418,575.5806274414062
7470.0,1.009507704526186,1.0478815889358521,0.2099609375,0.2099609375,0.1435546875,0.15234375,6.721462726761975e-05,1.2019424438476562,1.2019424438476562,0.00348818302154541,3.9642349183559418,575.5806274414062
7480.0,0.9651479497551918,1.0478815889358521,0.318359375,0.318359375,0.28125,0.150390625,6.694660897223735e-05,1.2019424438476562,1.2019424438476562,0.00348818302154541,3.9642349183559418,575.5806274414062
7490.0,0.996112085878849,1.0478815889358521,0.1884765625,0.1884765625,0.1103515625,0.15234375,6.66835988342368e-05,1.2019424438476562,1.2019424438476562,0.00348818302154541,3.9642349183559418,575.5806274414062
7500.0,0.9460347294807434,1.0478815889358521,0.37890625,0.37890625,0.349609375,0.146484375,6.642560186095204e-05,1.2019424438476562,1.2019424438476562,0.00348818302154541,3.9642349183559418,575.5806274414062
7510.0,0.9703581221401691,1.0478815889358521,0.326171875,0.326171875,0.2890625,0.1494140625,6.617262296427351e-05,1.2019424438476562,1.2019424438476562,0.00348818302154541,3.9642349183559418,575.5806274414062
7520.0,0.9826219640672207,1.0478815889358521,0.259765625,0.259765625,0.2099609375,0.15234375,6.592466696055478e-05,1.2019424438476562,1.2019424438476562,0.00348818302154541,3.9642349183559418,575.5806274414062
7530.0,0.9431547597050667,1.0478815889358521,0.361328125,0.361328125,0.330078125,0.1494140625,6.568173857052074e-05,1.2019424438476562,1.2019424438476562,0.00348818302154541,3.9642349183559418,575.5806274414062
7540.0,0.9951119422912598,1.0478815889358521,0.2578125,0.2578125,0.20703125,0.15234375,6.544384241917771e-05,1.2019424438476562,1.2019424438476562,0.00348818302154541,3.9642349183559418,575.5806274414062
7550.0,0.9580518119037151,1.0478815889358521,0.193359375,0.193359375,0.1220703125,0.150390625,6.521098303572557e-05,1.2019424438476562,1.2019424438476562,0.00348818302154541,3.9642349183559418,575.5806274414062
7560.0,0.9524748213589191,1.0478815889358521,0.23046875,0.23046875,0.173828125,0.1513671875,6.498316485347124e-05,1.2019424438476562,1.2019424438476562,0.00348818302154541,3.9642349183559418,575.5806274414062
7570.0,0.960989635437727,1.0478815889358521,0.1689453125,0.1689453125,0.07666015625,0.150390625,6.476039220974459e-05,1.2019424438476562,1.2019424438476562,0.00348818302154541,3.9642349183559418,575.5806274414062
7580.0,0.9844399094581604,1.0478815889358521,0.1787109375,0.1787109375,0.0966796875,0.150390625,6.454266934581556e-05,1.2019424438476562,1.2019424438476562,0.00348818302154541,3.9642349183559418,575.5806274414062
7590.0,0.9758445508778095,1.0478815889358521,0.384765625,0.384765625,0.353515625,0.1494140625,6.43300004068137e-05,1.2019424438476562,1.2019424438476562,0.00348818302154541,3.9642349183559418,575.5806274414062
7600.0,0.9615564979612827,1.0478815889358521,0.1962890625,0.1962890625,0.1220703125,0.154296875,6.412238944164906e-05,1.2019424438476562,1.2019424438476562,0.00348818302154541,3.9642349183559418,575.5806274414062
7610.0,0.9779570288956165,1.0478815889358521,0.283203125,0.283203125,0.2392578125,0.1533203125,6.39198404029351e-05,1.2019424438476562,1.2019424438476562,0.00348818302154541,3.9642349183559418,575.5806274414062
7620.0,0.9615786746144295,1.0478815889358521,0.1787109375,0.1787109375,0.10205078125,0.146484375,6.372235714691358e-05,1.2019424438476562,1.2019424438476562,0.00348818302154541,3.9642349183559418,575.5806274414062
7630.0,1.005966067314148,1.0478815889358521,0.2392578125,0.2392578125,0.18359375,0.154296875,6.3529943433381e-05,1.2019424438476562,1.2019424438476562,0.00348818302154541,3.9642349183559418,575.5806274414062
7640.0,0.9775873646140099,1.0478815889358521,0.2275390625,0.2275390625,0.169921875,0.150390625,6.334260292561719e-05,1.2019424438476562,1.2019424438476562,0.00348818302154541,3.9642349183559418,575.5806274414062
7650.0,0.9830470383167267,1.0478815889358521,0.1796875,0.1796875,0.10009765625,0.1494140625,6.316033919031528e-05,1.2019424438476562,1.2019424438476562,0.00348818302154541,3.9642349183559418,575.5806274414062
7660.0,0.9674044325947762,1.0478815889358521,0.353515625,0.353515625,0.322265625,0.1494140625,6.29831556975141e-05,1.2019424438476562,1.2019424438476562,0.00348818302154541,3.9642349183559418,575.5806274414062
7670.0,0.9509426914155483,1.0478815889358521,0.2001953125,0.2001953125,0.1337890625,0.1494140625,6.281105582053193e-05,1.2019424438476562,1.2019424438476562,0.00348818302154541,3.9642349183559418,575.5806274414062
7680.0,0.9900548979640007,1.0478815889358521,0.201171875,0.201171875,0.1337890625,0.150390625,6.264404283590237e-05,1.2019424438476562,1.2019424438476562,0.00348818302154541,3.9642349183559418,575.5806274414062
7690.0,0.9432273507118225,1.0478815889358521,0.16796875,0.16796875,0.07666015625,0.1494140625,6.248211992331191e-05,1.2019424438476562,1.2019424438476562,0.00348818302154541,3.9642349183559418,575.5806274414062
7700.0,0.9357790127396584,1.0478815889358521,0.458984375,0.458984375,0.431640625,0.1513671875,6.232529016553938e-05,1.2019424438476562,1.2019424438476562,0.00348818302154541,3.9642349183559418,575.5806274414062
7710.0,0.9330713041126728,1.0478815889358521,0.267578125,0.267578125,0.2216796875,0.1494140625,6.217355654839732e-05,1.2019424438476562,1.2019424438476562,0.00348818302154541,3.9642349183559418,575.5806274414062
7720.0,0.9701653011143208,1.0478815889358521,0.1982421875,0.1982421875,0.1318359375,0.1474609375,6.202692196067507e-05,1.2019424438476562,1.2019424438476562,0.00348818302154541,3.9642349183559418,575.5806274414062
7730.0,0.967824187129736,1.0478815889358521,0.1806640625,0.1806640625,0.099609375,0.150390625,6.188538919408382e-05,1.2019424438476562,1.2019424438476562,0.00348818302154541,3.9642349183559418,575.5806274414062
7740.0,0.9660416804254055,1.0478815889358521,0.1962890625,0.1962890625,0.126953125,0.1494140625,6.174896094320342e-05,1.2019424438476562,1.2019424438476562,0.00348818302154541,3.9642349183559418,575.5806274414062
7750.0,0.9842272028326988,1.0478815889358521,0.2177734375,0.2177734375,0.15625,0.1513671875,6.161763980543109e-05,1.2019424438476562,1.2019424438476562,0.00348818302154541,3.9642349183559418,575.5806274414062
7760.0,0.97197026014328,1.0478815889358521,0.2734375,0.2734375,0.2275390625,0.1513671875,6.149142828093204e-05,1.2019424438476562,1.2019424438476562,0.00348818302154541,3.9642349183559418,575.5806274414062
7770.0,0.9484721086919308,1.0478815889358521,0.1796875,0.1796875,0.09912109375,0.150390625,6.137032877259174e-05,1.2019424438476562,1.2019424438476562,0.00348818302154541,3.9642349183559418,575.5806274414062
7780.0,0.9287143871188164,1.0478815889358521,0.17578125,0.17578125,0.0927734375,0.1494140625,6.12543435859703e-05,1.2019424438476562,1.2019424438476562,0.00348818302154541,3.9642349183559418,575.5806274414062
7790.0,0.9790087006986141,1.0478815889358521,0.2236328125,0.2236328125,0.1650390625,0.150390625,6.114347492925844e-05,1.2019424438476562,1.2019424438476562,0.00348818302154541,3.9642349183559418,575.5806274414062
7800.0,0.9773020222783089,1.0478815889358521,0.25390625,0.25390625,0.205078125,0.1513671875,6.103772491323559e-05,1.2019424438476562,1.2019424438476562,0.00348818302154541,3.9642349183559418,575.5806274414062
7810.0,0.9666108787059784,1.0478815889358521,0.2119140625,0.2119140625,0.150390625,0.1494140625,6.0937095551229624e-05,1.2019424438476562,1.2019424438476562,0.00348818302154541,3.9642349183559418,575.5806274414062
7820.0,0.987789686769247,1.0478815889358521,0.24609375,0.24609375,0.1943359375,0.1513671875,6.084158875907853e-05,1.2019424438476562,1.2019424438476562,0.00348818302154541,3.9642349183559418,575.5806274414062
7830.0,0.9574414044618607,1.0478815889358521,0.314453125,0.314453125,0.275390625,0.1513671875,6.0751206355093964e-05,1.2019424438476562,1.2019424438476562,0.00348818302154541,3.9642349183559418,575.5806274414062
7840.0,0.9525859989225864,1.0478815889358521,0.2236328125,0.2236328125,0.1669921875,0.1494140625,6.066595006002664e-05,1.2019424438476562,1.2019424438476562,0.00348818302154541,3.9642349183559418,575.5806274414062
7850.0,0.9637985862791538,1.0478815889358521,0.2275390625,0.2275390625,0.171875,0.1494140625,6.058582149703346e-05,1.2019424438476562,1.2019424438476562,0.00348818302154541,3.9642349183559418,575.5806274414062
7860.0,0.9815723784267902,1.0478815889358521,0.376953125,0.376953125,0.34765625,0.150390625,6.051082219164681e-05,1.2019424438476562,1.2019424438476562,0.00348818302154541,3.9642349183559418,575.5806274414062
7870.0,0.9792609065771103,1.0478815889358521,0.220703125,0.220703125,0.16015625,0.1513671875,6.044095357174535e-05,1.2019424438476562,1.2019424438476562,0.00348818302154541,3.9642349183559418,575.5806274414062
7880.0,0.9749696999788284,1.0478815889358521,0.236328125,0.236328125,0.181640625,0.15234375,6.0376216967526884e-05,1.2019424438476562,1.2019424438476562,0.00348818302154541,3.9642349183559418,575.5806274414062
7890.0,0.9520299509167671,1.0478815889358521,0.271484375,0.271484375,0.2255859375,0.1513671875,6.031661361148305e-05,1.2019424438476562,1.2019424438476562,0.00348818302154541,3.9642349183559418,575.5806274414062
7900.0,0.9645761214196682,1.0478815889358521,0.2001953125,0.2001953125,0.12890625,0.1533203125,6.026214463837582e-05,1.2019424438476562,1.2019424438476562,0.00348818302154541,3.9642349183559418,575.5806274414062
7910.0,0.9374095648527145,1.0478815889358521,0.365234375,0.365234375,0.333984375,0.1484375,6.0212811085215916e-05,1.2019424438476562,1.2019424438476562,0.00348818302154541,3.9642349183559418,575.5806274414062
7920.0,0.9426043592393398,1.0478815889358521,0.166015625,0.166015625,0.07080078125,0.150390625,6.016861389124311e-05,1.2019424438476562,1.2019424438476562,0.00348818302154541,3.9642349183559418,575.5806274414062
7930.0,0.977814607322216,1.0478815889358521,0.443359375,0.443359375,0.416015625,0.15234375,6.012955389790821e-05,1.2019424438476562,1.2019424438476562,0.00348818302154541,3.9642349183559418,575.5806274414062
7940.0,0.971898291260004,1.0478815889358521,0.19140625,0.19140625,0.1123046875,0.1552734375,6.0095631848857245e-05,1.2019424438476562,1.2019424438476562,0.00348818302154541,3.9642349183559418,575.5806274414062
7950.0,1.0157827697694302,1.0478815889358521,0.1826171875,0.1826171875,0.09814453125,0.1533203125,6.006684838991711e-05,1.2019424438476562,1.2019424438476562,0.00348818302154541,3.9642349183559418,575.5806274414062
7960.0,0.9423083066940308,1.0478815889358521,0.2392578125,0.2392578125,0.1865234375,0.1494140625,6.004320406908335e-05,1.2019424438476562,1.2019424438476562,0.00348818302154541,3.9642349183559418,575.5806274414062
7970.0,1.0051552318036556,1.0478815889358521,0.228515625,0.228515625,0.1689453125,0.1552734375,6.002469933650978e-05,1.2019424438476562,1.2019424438476562,0.00348818302154541,3.9642349183559418,575.5806274414062
7980.0,0.9517579302191734,1.0478815889358521,0.32421875,0.32421875,0.28515625,0.1513671875,6.001133454449984e-05,1.2019424438476562,1.2019424438476562,0.00348818302154541,3.9642349183559418,575.5806274414062
7990.0,0.957847360521555,1.0478815889358521,0.32421875,0.32421875,0.2890625,0.1484375,6.000310994749988e-05,1.2019424438476562,1.2019424438476562,0.00348818302154541,3.9642349183559418,575.5806274414062
8000.0,0.9437413550913334,1.0377310085296632,0.267578125,0.267578125,0.2197265625,0.1513671875,6.0000025702094385e-05,1.2019424438476562,1.2019424438476562,0.00348818302154541,4.293185581763585,552.6329345703125
