iter,train_loss,val_loss,grad_norm_post_clip,grad_norm_pre_clip,grad_norm_hc,grad_norm_base,lr,amax_fwd_max,amax_bwd_max,h_res_row_sum_max_dev,avg_attn_entropy,residual_norm_final
1.0,12.093525886535645,nan,5.5625,5.5625,0.1357421875,5.5625,7.499999999999999e-07,1.0,1.0,0.0,0.0,0.0
10.0,12.057111740112305,nan,5.375,5.375,0.142578125,5.375,7.499999999999999e-06,1.0,1.0,0.0,0.0,0.0
20.0,11.69096565246582,nan,6.90625,6.90625,0.298828125,6.90625,1.4999999999999999e-05,1.0,1.0,0.0,0.0,0.0
30.0,10.641271591186523,nan,4.53125,4.53125,0.69921875,4.46875,2.2499999999999998e-05,1.0,1.0,0.0,0.0,0.0
40.0,10.06492304801941,nan,3.09375,3.09375,0.384765625,3.078125,2.9999999999999997e-05,1.0,1.0,0.0,0.0,0.0
50.0,9.694185256958008,nan,2.90625,2.90625,0.201171875,2.890625,3.75e-05,1.0,1.0,0.0,0.0,0.0
60.0,9.316284418106079,nan,2.71875,2.71875,0.10400390625,2.71875,4.4999999999999996e-05,1.0,1.0,0.0,0.0,0.0
70.0,8.744096994400024,nan,2.703125,2.703125,0.08837890625,2.703125,5.2499999999999995e-05,1.0,1.0,0.0,0.0,0.0
80.0,8.184160232543945,nan,2.875,2.875,0.220703125,2.859375,5.9999999999999995e-05,1.0,1.0,0.0,0.0,0.0
90.0,7.3408719301223755,nan,4.3125,4.3125,0.1416015625,4.3125,6.749999999999999e-05,1.0,1.0,0.0,0.0,0.0
100.0,6.523508280515671,nan,2.421875,2.421875,0.28125,2.40625,7.5e-05,1.0,1.0,0.0,0.0,0.0
110.0,5.868487387895584,nan,2.390625,2.390625,0.1953125,2.390625,8.249999999999999e-05,1.0,1.0,0.0,0.0,0.0
120.0,5.331140577793121,nan,1.4140625,1.4140625,0.10009765625,1.4140625,8.999999999999999e-05,1.0,1.0,0.0,0.0,0.0
130.0,4.98326700925827,nan,2.515625,2.515625,0.2734375,2.5,9.75e-05,1.0,1.0,0.0,0.0,0.0
140.0,4.731361627578735,nan,1.3046875,1.3046875,0.1376953125,1.296875,0.00010499999999999999,1.0,1.0,0.0,0.0,0.0
150.0,4.431132972240448,nan,1.703125,1.703125,0.16796875,1.6953125,0.0001125,1.0,1.0,0.0,0.0,0.0
160.0,4.148172944784164,nan,1.4140625,1.4140625,0.130859375,1.4140625,0.00011999999999999999,1.0,1.0,0.0,0.0,0.0
170.0,3.9532956033945084,nan,1.5859375,1.5859375,0.15234375,1.578125,0.00012749999999999998,1.0,1.0,0.0,0.0,0.0
180.0,3.8091673254966736,nan,2.25,2.25,0.248046875,2.234375,0.00013499999999999997,1.0,1.0,0.0,0.0,0.0
190.0,3.639973521232605,nan,1.828125,1.828125,0.1298828125,1.828125,0.0001425,1.0,1.0,0.0,0.0,0.0
200.0,3.5871763825416565,nan,2.703125,2.703125,0.1494140625,2.703125,0.00015,1.0,1.0,0.0,0.0,0.0
210.0,3.3482223004102707,nan,2.984375,2.984375,0.232421875,2.984375,0.0001575,1.0,1.0,0.0,0.0,0.0
220.0,3.2670768797397614,nan,1.484375,1.484375,0.13671875,1.484375,0.00016499999999999997,1.0,1.0,0.0,0.0,0.0
230.0,3.164766386151314,nan,2.59375,2.59375,0.244140625,2.59375,0.0001725,1.0,1.0,0.0,0.0,0.0
240.0,3.1298632621765137,nan,2.3125,2.3125,0.2216796875,2.296875,0.00017999999999999998,1.0,1.0,0.0,0.0,0.0
250.0,3.0547212809324265,nan,2.25,2.25,0.1123046875,2.234375,0.0001875,1.0,1.0,0.0,0.0,0.0
260.0,2.977411910891533,nan,2.96875,2.96875,0.2021484375,2.96875,0.000195,1.0,1.0,0.0,0.0,0.0
270.0,2.9186068922281265,nan,2.171875,2.171875,0.267578125,2.15625,0.00020249999999999996,1.0,1.0,0.0,0.0,0.0
280.0,2.8260142356157303,nan,1.4609375,1.4609375,0.1484375,1.453125,0.00020999999999999998,1.0,1.0,0.0,0.0,0.0
290.0,2.7266425788402557,nan,2.34375,2.34375,0.2265625,2.328125,0.00021749999999999997,1.0,1.0,0.0,0.0,0.0
300.0,2.7484681606292725,nan,2.3125,2.3125,0.2197265625,2.3125,0.000225,1.0,1.0,0.0,0.0,0.0
310.0,2.6967110335826874,nan,1.890625,1.890625,0.25,1.875,0.00023249999999999996,1.0,1.0,0.0,0.0,0.0
320.0,2.605367675423622,nan,1.4453125,1.4453125,0.28125,1.421875,0.00023999999999999998,1.0,1.0,0.0,0.0,0.0
330.0,2.570064216852188,nan,1.6171875,1.6171875,0.181640625,1.609375,0.0002475,1.0,1.0,0.0,0.0,0.0
340.0,2.5256509482860565,nan,1.40625,1.40625,0.203125,1.390625,0.00025499999999999996,1.0,1.0,0.0,0.0,0.0
350.0,2.492523968219757,nan,1.1171875,1.1171875,0.1162109375,1.109375,0.0002625,1.0,1.0,0.0,0.0,0.0
360.0,2.4120954871177673,nan,1.25,1.25,0.1904296875,1.2421875,0.00026999999999999995,1.0,1.0,0.0,0.0,0.0
370.0,2.4455581605434418,nan,0.890625,0.890625,0.134765625,0.87890625,0.00027749999999999997,1.0,1.0,0.0,0.0,0.0
380.0,2.39523184299469,nan,1.09375,1.09375,0.1064453125,1.09375,0.000285,1.0,1.0,0.0,0.0,0.0
390.0,2.3305975794792175,nan,0.8984375,0.8984375,0.17578125,0.87890625,0.0002925,1.0,1.0,0.0,0.0,0.0
400.0,2.2797834426164627,nan,1.3125,1.3125,0.2314453125,1.296875,0.0003,1.0,1.0,0.0,0.0,0.0
410.0,2.239916682243347,nan,0.91796875,0.91796875,0.10546875,0.9140625,0.00030749999999999994,1.0,1.0,0.0,0.0,0.0
420.0,2.255476176738739,nan,0.98046875,0.98046875,0.1572265625,0.96484375,0.000315,1.0,1.0,0.0,0.0,0.0
430.0,2.22660630941391,nan,0.96875,0.96875,0.2353515625,0.94140625,0.0003224999999999999,1.0,1.0,0.0,0.0,0.0
440.0,2.170641764998436,nan,0.76171875,0.76171875,0.10009765625,0.75390625,0.00032999999999999994,1.0,1.0,0.0,0.0,0.0
450.0,2.161938786506653,nan,0.94921875,0.94921875,0.1572265625,0.93359375,0.00033749999999999996,1.0,1.0,0.0,0.0,0.0
460.0,2.0939424708485603,nan,0.875,0.875,0.375,0.79296875,0.000345,1.0,1.0,0.0,0.0,0.0
470.0,2.0741057246923447,nan,0.7265625,0.7265625,0.2578125,0.67578125,0.00035249999999999995,1.0,1.0,0.0,0.0,0.0
480.0,2.02776300907135,nan,0.84375,0.84375,0.4375,0.72265625,0.00035999999999999997,1.0,1.0,0.0,0.0,0.0
490.0,2.0068917348980904,nan,0.64453125,0.64453125,0.1865234375,0.6171875,0.0003675,1.0,1.0,0.0,0.0,0.0
500.0,2.0082830265164375,nan,0.63671875,0.63671875,0.1923828125,0.60546875,0.000375,1.0,1.0,0.0,0.0,0.0
510.0,1.9753793254494667,nan,0.6171875,0.6171875,0.23046875,0.5703125,0.0003825,1.0,1.0,0.0,0.0,0.0
520.0,1.9027120396494865,nan,0.5390625,0.5390625,0.16015625,0.515625,0.00039,1.0,1.0,0.0,0.0,0.0
530.0,1.932003766298294,nan,0.79296875,0.79296875,0.271484375,0.74609375,0.00039749999999999996,1.0,1.0,0.0,0.0,0.0
540.0,1.903478890657425,nan,0.6328125,0.6328125,0.38671875,0.50390625,0.0004049999999999999,1.0,1.0,0.0,0.0,0.0
550.0,1.9304679930210114,nan,0.64453125,0.64453125,0.365234375,0.53125,0.00041249999999999994,1.0,1.0,0.0,0.0,0.0
560.0,1.8827701807022095,nan,0.546875,0.546875,0.1767578125,0.515625,0.00041999999999999996,1.0,1.0,0.0,0.0,0.0
570.0,1.8160594627261162,nan,0.46484375,0.46484375,0.1787109375,0.4296875,0.0004275,1.0,1.0,0.0,0.0,0.0
580.0,1.8275861665606499,nan,0.7109375,0.7109375,0.482421875,0.51953125,0.00043499999999999995,1.0,1.0,0.0,0.0,0.0
590.0,1.8463228046894073,nan,0.6953125,0.6953125,0.5234375,0.455078125,0.00044249999999999997,1.0,1.0,0.0,0.0,0.0
600.0,1.815489910542965,nan,0.55078125,0.55078125,0.2490234375,0.490234375,0.00045,1.0,1.0,0.0,0.0,0.0
610.0,1.8190587908029556,nan,0.58984375,0.58984375,0.3125,0.5,0.0004575,1.0,1.0,0.0,0.0,0.0
620.0,1.788233533501625,nan,0.416015625,0.416015625,0.1796875,0.375,0.0004649999999999999,1.0,1.0,0.0,0.0,0.0
630.0,1.808935709297657,nan,0.625,0.625,0.435546875,0.44921875,0.00047249999999999994,1.0,1.0,0.0,0.0,0.0
640.0,1.833151951432228,nan,0.80078125,0.80078125,0.62890625,0.4921875,0.00047999999999999996,1.0,1.0,0.0,0.0,0.0
650.0,1.7620843797922134,nan,0.4140625,0.4140625,0.216796875,0.353515625,0.0004874999999999999,1.0,1.0,0.0,0.0,0.0
660.0,1.7540396600961685,nan,0.625,0.625,0.48828125,0.390625,0.000495,1.0,1.0,0.0,0.0,0.0
670.0,1.7189395725727081,nan,0.455078125,0.455078125,0.2236328125,0.396484375,0.0005024999999999999,1.0,1.0,0.0,0.0,0.0
680.0,1.7753124833106995,nan,0.40625,0.40625,0.2119140625,0.345703125,0.0005099999999999999,1.0,1.0,0.0,0.0,0.0
690.0,1.7135639488697052,nan,0.546875,0.546875,0.443359375,0.322265625,0.0005175,1.0,1.0,0.0,0.0,0.0
700.0,1.6930700615048409,nan,0.50390625,0.50390625,0.314453125,0.396484375,0.000525,1.0,1.0,0.0,0.0,0.0
710.0,1.7047411873936653,nan,0.5859375,0.5859375,0.482421875,0.33203125,0.0005325,1.0,1.0,0.0,0.0,0.0
720.0,1.677790805697441,nan,0.546875,0.546875,0.337890625,0.427734375,0.0005399999999999999,1.0,1.0,0.0,0.0,0.0
730.0,1.691551186144352,nan,0.56640625,0.56640625,0.46875,0.31640625,0.0005474999999999999,1.0,1.0,0.0,0.0,0.0
740.0,1.6939228773117065,nan,0.47265625,0.47265625,0.31640625,0.3515625,0.0005549999999999999,1.0,1.0,0.0,0.0,0.0
750.0,1.6833572909235954,nan,0.53515625,0.53515625,0.4296875,0.3203125,0.0005625,1.0,1.0,0.0,0.0,0.0
760.0,1.6506014838814735,nan,0.45703125,0.45703125,0.302734375,0.33984375,0.00057,1.0,1.0,0.0,0.0,0.0
770.0,1.6203495785593987,nan,0.412109375,0.412109375,0.28125,0.302734375,0.0005775,1.0,1.0,0.0,0.0,0.0
780.0,1.6744931563735008,nan,0.369140625,0.369140625,0.197265625,0.310546875,0.000585,1.0,1.0,0.0,0.0,0.0
790.0,1.6221925541758537,nan,0.3515625,0.3515625,0.173828125,0.306640625,0.0005924999999999999,1.0,1.0,0.0,0.0,0.0
800.0,1.6646786034107208,nan,1.25,1.25,1.2109375,0.31640625,0.0006,1.0,1.0,0.0,0.0,0.0
810.0,1.6019693464040756,nan,0.341796875,0.341796875,0.1787109375,0.291015625,0.000599997918132997,1.0,1.0,0.0,0.0,0.0
820.0,1.6053053513169289,nan,0.34375,0.34375,0.1826171875,0.291015625,0.0005999907215969208,1.0,1.0,0.0,0.0,0.0
830.0,1.6218181774020195,nan,0.5234375,0.5234375,0.412109375,0.322265625,0.0005999783848266887,1.0,1.0,0.0,0.0,0.0
840.0,1.6117734163999557,nan,0.443359375,0.443359375,0.33203125,0.294921875,0.0005999609080571749,1.0,1.0,0.0,0.0,0.0
850.0,1.6596058458089828,nan,0.39453125,0.39453125,0.2470703125,0.306640625,0.000599938291621112,1.0,1.0,0.0,0.0,0.0
860.0,1.5997796952724457,nan,0.35546875,0.35546875,0.2392578125,0.26171875,0.0005999105359490843,1.0,1.0,0.0,0.0,0.0
870.0,1.6051561385393143,nan,0.458984375,0.458984375,0.349609375,0.296875,0.0005998776415695197,1.0,1.0,0.0,0.0,0.0
880.0,1.5546540394425392,nan,0.294921875,0.294921875,0.1572265625,0.25,0.00059983960910868,1.0,1.0,0.0,0.0,0.0
890.0,1.549815371632576,nan,0.53125,0.53125,0.46875,0.251953125,0.0005997964392906482,1.0,1.0,0.0,0.0,0.0
900.0,1.577643297612667,nan,0.33203125,0.33203125,0.158203125,0.29296875,0.0005997481329373154,1.0,1.0,0.0,0.0,0.0
910.0,1.5486273914575577,nan,0.4609375,0.4609375,0.3828125,0.2578125,0.0005996946909683652,1.0,1.0,0.0,0.0,0.0
920.0,1.5750139579176903,nan,0.40625,0.40625,0.3125,0.259765625,0.0005996361144012556,1.0,1.0,0.0,0.0,0.0
930.0,1.5248654335737228,nan,0.478515625,0.478515625,0.40625,0.251953125,0.0005995724043511997,1.0,1.0,0.0,0.0,0.0
940.0,1.556406170129776,nan,0.431640625,0.431640625,0.3515625,0.25,0.0005995035620311453,1.0,1.0,0.0,0.0,0.0
950.0,1.5448886454105377,nan,0.40234375,0.40234375,0.31640625,0.2470703125,0.0005994295887517508,1.0,1.0,0.0,0.0,0.0
960.0,1.5107259526848793,nan,0.36328125,0.36328125,0.271484375,0.2421875,0.0005993504859213609,1.0,1.0,0.0,0.0,0.0
970.0,1.5090749263763428,nan,0.61328125,0.61328125,0.53515625,0.298828125,0.0005992662550459793,1.0,1.0,0.0,0.0,0.0
980.0,1.5181985944509506,nan,0.330078125,0.330078125,0.2333984375,0.232421875,0.0005991768977292406,1.0,1.0,0.0,0.0,0.0
990.0,1.5541013479232788,nan,0.498046875,0.498046875,0.439453125,0.234375,0.0005990824156723795,1.0,1.0,0.0,0.0,0.0
1000.0,1.5145559087395668,1.522823495864868,0.37890625,0.37890625,0.294921875,0.2373046875,0.0005989828106741978,1.0,1.0,0.0,5.654112488031387,127.7896728515625
1010.0,1.527438648045063,1.522823495864868,0.302734375,0.302734375,0.189453125,0.236328125,0.0005988780846310313,1.0,1.0,0.0,5.654112488031387,127.7896728515625
1020.0,1.540562391281128,1.522823495864868,0.314453125,0.314453125,0.1728515625,0.26171875,0.0005987682395367127,1.0,1.0,0.0,5.654112488031387,127.7896728515625
1030.0,1.4833600372076035,1.522823495864868,0.337890625,0.337890625,0.25390625,0.2216796875,0.0005986532774825343,1.0,1.0,0.0,5.654112488031387,127.7896728515625
1040.0,1.5006881803274155,1.522823495864868,0.341796875,0.341796875,0.25390625,0.23046875,0.0005985332006572083,1.0,1.0,0.0,5.654112488031387,127.7896728515625
1050.0,1.5233344361186028,1.522823495864868,0.333984375,0.333984375,0.2490234375,0.2236328125,0.000598408011346824,1.0,1.0,0.0,5.654112488031387,127.7896728515625
1060.0,1.497143916785717,1.522823495864868,0.376953125,0.376953125,0.291015625,0.2412109375,0.0005982777119348053,1.0,1.0,0.0,5.654112488031387,127.7896728515625
1070.0,1.4767307192087173,1.522823495864868,0.625,0.625,0.58203125,0.2236328125,0.0005981423049018655,1.0,1.0,0.0,5.654112488031387,127.7896728515625
1080.0,1.4932725131511688,1.522823495864868,0.326171875,0.326171875,0.228515625,0.232421875,0.0005980017928259591,1.0,1.0,0.0,5.654112488031387,127.7896728515625
1090.0,1.4631985425949097,1.522823495864868,0.447265625,0.447265625,0.38671875,0.2255859375,0.0005978561783822336,1.0,1.0,0.0,5.654112488031387,127.7896728515625
1100.0,1.4163406565785408,1.522823495864868,0.447265625,0.447265625,0.392578125,0.2158203125,0.0005977054643429782,1.0,1.0,0.0,5.654112488031387,127.7896728515625
1110.0,1.489125408232212,1.522823495864868,0.26953125,0.26953125,0.1484375,0.2255859375,0.0005975496535775705,1.0,1.0,0.0,5.654112488031387,127.7896728515625
1120.0,1.443259336054325,1.522823495864868,0.35546875,0.35546875,0.279296875,0.2197265625,0.0005973887490524235,1.0,1.0,0.0,5.654112488031387,127.7896728515625
1130.0,1.475640781223774,1.522823495864868,0.306640625,0.306640625,0.2158203125,0.21875,0.000597222753830927,1.0,1.0,0.0,5.654112488031387,127.7896728515625
1140.0,1.4515748620033264,1.522823495864868,0.40625,0.40625,0.33203125,0.2314453125,0.000597051671073391,1.0,1.0,0.0,5.654112488031387,127.7896728515625
1150.0,1.4372342303395271,1.522823495864868,0.2734375,0.2734375,0.166015625,0.2158203125,0.0005968755040369842,1.0,1.0,0.0,5.654112488031387,127.7896728515625
1160.0,1.4540822952985764,1.522823495864868,0.2470703125,0.2470703125,0.1328125,0.2080078125,0.0005966942560756735,1.0,1.0,0.0,5.654112488031387,127.7896728515625
1170.0,1.4287695437669754,1.522823495864868,0.33203125,0.33203125,0.2421875,0.228515625,0.0005965079306401585,1.0,1.0,0.0,5.654112488031387,127.7896728515625
1180.0,1.4245764315128326,1.522823495864868,0.3046875,0.3046875,0.20703125,0.22265625,0.0005963165312778073,1.0,1.0,0.0,5.654112488031387,127.7896728515625
1190.0,1.4131568521261215,1.522823495864868,0.275390625,0.275390625,0.169921875,0.2177734375,0.0005961200616325872,1.0,1.0,0.0,5.654112488031387,127.7896728515625
1200.0,1.4430639073252678,1.522823495864868,0.361328125,0.361328125,0.294921875,0.2080078125,0.0005959185254449976,1.0,1.0,0.0,5.654112488031387,127.7896728515625
1210.0,1.4107842147350311,1.522823495864868,0.380859375,0.380859375,0.318359375,0.2099609375,0.0005957119265519969,1.0,1.0,0.0,5.654112488031387,127.7896728515625
1220.0,1.4625243544578552,1.522823495864868,0.470703125,0.470703125,0.421875,0.2109375,0.00059550026888693,1.0,1.0,0.0,5.654112488031387,127.7896728515625
1230.0,1.4402501583099365,1.522823495864868,0.30078125,0.30078125,0.220703125,0.205078125,0.0005952835564794539,1.0,1.0,0.0,5.654112488031387,127.7896728515625
1240.0,1.4497343748807907,1.522823495864868,0.43359375,0.43359375,0.37890625,0.2119140625,0.0005950617934554607,1.0,1.0,0.0,5.654112488031387,127.7896728515625
1250.0,1.4239079803228378,1.522823495864868,0.39453125,0.39453125,0.328125,0.216796875,0.0005948349840369982,1.0,1.0,0.0,5.654112488031387,127.7896728515625
1260.0,1.4494631811976433,1.522823495864868,0.400390625,0.400390625,0.34765625,0.1982421875,0.0005946031325421912,1.0,1.0,0.0,5.654112488031387,127.7896728515625
1270.0,1.4140934199094772,1.522823495864868,0.2734375,0.2734375,0.177734375,0.20703125,0.0005943662433851575,1.0,1.0,0.0,5.654112488031387,127.7896728515625
1280.0,1.3805617839097977,1.522823495864868,0.271484375,0.271484375,0.1806640625,0.203125,0.0005941243210759257,1.0,1.0,0.0,5.654112488031387,127.7896728515625
1290.0,1.4121515676379204,1.522823495864868,0.33203125,0.33203125,0.251953125,0.21484375,0.0005938773702203477,1.0,1.0,0.0,5.654112488031387,127.7896728515625
1300.0,1.4038694351911545,1.522823495864868,0.29296875,0.29296875,0.203125,0.2109375,0.0005936253955200117,1.0,1.0,0.0,5.654112488031387,127.7896728515625
1310.0,1.4215384647250175,1.522823495864868,0.44921875,0.44921875,0.396484375,0.2138671875,0.0005933684017721528,1.0,1.0,0.0,5.654112488031387,127.7896728515625
1320.0,1.4093046113848686,1.522823495864868,0.345703125,0.345703125,0.28125,0.2021484375,0.0005931063938695615,1.0,1.0,0.0,5.654112488031387,127.7896728515625
1330.0,1.390314593911171,1.522823495864868,0.263671875,0.263671875,0.1806640625,0.193359375,0.0005928393768004907,1.0,1.0,0.0,5.654112488031387,127.7896728515625
1340.0,1.3932118266820908,1.522823495864868,0.251953125,0.251953125,0.15625,0.1982421875,0.0005925673556485603,1.0,1.0,0.0,5.654112488031387,127.7896728515625
1350.0,1.4032576531171799,1.522823495864868,0.326171875,0.326171875,0.2578125,0.2021484375,0.0005922903355926612,1.0,1.0,0.0,5.654112488031387,127.7896728515625
1360.0,1.380092978477478,1.522823495864868,0.27734375,0.27734375,0.203125,0.1884765625,0.0005920083219068558,1.0,1.0,0.0,5.654112488031387,127.7896728515625
1370.0,1.3900161162018776,1.522823495864868,0.26171875,0.26171875,0.1533203125,0.2119140625,0.000591721319960278,1.0,1.0,0.0,5.654112488031387,127.7896728515625
1380.0,1.3983980640769005,1.522823495864868,0.34375,0.34375,0.28125,0.1962890625,0.0005914293352170313,1.0,1.0,0.0,5.654112488031387,127.7896728515625
1390.0,1.3701209425926208,1.522823495864868,0.287109375,0.287109375,0.2119140625,0.1953125,0.0005911323732360845,1.0,1.0,0.0,5.654112488031387,127.7896728515625
1400.0,1.3884155824780464,1.522823495864868,0.337890625,0.337890625,0.267578125,0.2041015625,0.0005908304396711654,1.0,1.0,0.0,5.654112488031387,127.7896728515625
1410.0,1.3575224727392197,1.522823495864868,0.515625,0.515625,0.474609375,0.1982421875,0.0005905235402706539,1.0,1.0,0.0,5.654112488031387,127.7896728515625
1420.0,1.3683647066354752,1.522823495864868,0.2890625,0.2890625,0.2177734375,0.19140625,0.0005902116808774724,1.0,1.0,0.0,5.654112488031387,127.7896728515625
1430.0,1.3811623379588127,1.522823495864868,0.37890625,0.37890625,0.322265625,0.2001953125,0.000589894867428974,1.0,1.0,0.0,5.654112488031387,127.7896728515625
1440.0,1.346885234117508,1.522823495864868,0.2431640625,0.2431640625,0.1435546875,0.1962890625,0.0005895731059568303,1.0,1.0,0.0,5.654112488031387,127.7896728515625
1450.0,1.4013637751340866,1.522823495864868,0.279296875,0.279296875,0.1904296875,0.2041015625,0.0005892464025869155,1.0,1.0,0.0,5.654112488031387,127.7896728515625
1460.0,1.3493799269199371,1.522823495864868,0.2451171875,0.2451171875,0.1474609375,0.1962890625,0.0005889147635391911,1.0,1.0,0.0,5.654112488031387,127.7896728515625
1470.0,1.3433344662189484,1.522823495864868,0.248046875,0.248046875,0.166015625,0.18359375,0.0005885781951275866,1.0,1.0,0.0,5.654112488031387,127.7896728515625
1480.0,1.3792384415864944,1.522823495864868,0.28515625,0.28515625,0.216796875,0.1845703125,0.0005882367037598792,1.0,1.0,0.0,5.654112488031387,127.7896728515625
1490.0,1.3629051074385643,1.522823495864868,0.2177734375,0.2177734375,0.11181640625,0.1865234375,0.0005878902959375726,1.0,1.0,0.0,5.654112488031387,127.7896728515625
1500.0,1.340649552643299,1.522823495864868,0.66015625,0.66015625,0.6328125,0.189453125,0.000587538978255772,1.0,1.0,0.0,5.654112488031387,127.7896728515625
1510.0,1.3367151841521263,1.522823495864868,0.283203125,0.283203125,0.2099609375,0.189453125,0.0005871827574030601,1.0,1.0,0.0,5.654112488031387,127.7896728515625
1520.0,1.3167091757059097,1.522823495864868,0.462890625,0.462890625,0.416015625,0.203125,0.0005868216401613679,1.0,1.0,0.0,5.654112488031387,127.7896728515625
1530.0,1.3110974505543709,1.522823495864868,0.298828125,0.298828125,0.2265625,0.1943359375,0.0005864556334058476,1.0,1.0,0.0,5.654112488031387,127.7896728515625
1540.0,1.339843899011612,1.522823495864868,0.32421875,0.32421875,0.265625,0.185546875,0.0005860847441047402,1.0,1.0,0.0,5.654112488031387,127.7896728515625
1550.0,1.3744148164987564,1.522823495864868,0.2373046875,0.2373046875,0.1484375,0.185546875,0.0005857089793192432,1.0,1.0,0.0,5.654112488031387,127.7896728515625
1560.0,1.3264410719275475,1.522823495864868,0.341796875,0.341796875,0.2890625,0.18359375,0.0005853283462033765,1.0,1.0,0.0,5.654112488031387,127.7896728515625
1570.0,1.3554183542728424,1.522823495864868,0.271484375,0.271484375,0.1796875,0.2021484375,0.0005849428520038459,1.0,1.0,0.0,5.654112488031387,127.7896728515625
1580.0,1.337173268198967,1.522823495864868,0.287109375,0.287109375,0.2236328125,0.1787109375,0.0005845525040599055,1.0,1.0,0.0,5.654112488031387,127.7896728515625
1590.0,1.3635151162743568,1.522823495864868,0.578125,0.578125,0.546875,0.181640625,0.0005841573098032172,1.0,1.0,0.0,5.654112488031387,127.7896728515625
1600.0,1.348805010318756,1.522823495864868,0.30078125,0.30078125,0.2392578125,0.181640625,0.0005837572767577101,1.0,1.0,0.0,5.654112488031387,127.7896728515625
1610.0,1.352277897298336,1.522823495864868,0.267578125,0.267578125,0.1884765625,0.1884765625,0.0005833524125394367,1.0,1.0,0.0,5.654112488031387,127.7896728515625
1620.0,1.3152479976415634,1.522823495864868,0.314453125,0.314453125,0.255859375,0.1806640625,0.0005829427248564285,1.0,1.0,0.0,5.654112488031387,127.7896728515625
1630.0,1.3673785403370857,1.522823495864868,0.322265625,0.322265625,0.263671875,0.1875,0.000582528221508548,1.0,1.0,0.0,5.654112488031387,127.7896728515625
1640.0,1.2669736966490746,1.522823495864868,0.2314453125,0.2314453125,0.1435546875,0.181640625,0.0005821089103873415,1.0,1.0,0.0,5.654112488031387,127.7896728515625
1650.0,1.3138664662837982,1.522823495864868,0.392578125,0.392578125,0.34765625,0.18359375,0.0005816847994758883,1.0,1.0,0.0,5.654112488031387,127.7896728515625
1660.0,1.349817968904972,1.522823495864868,0.236328125,0.236328125,0.1494140625,0.1826171875,0.0005812558968486491,1.0,1.0,0.0,5.654112488031387,127.7896728515625
1670.0,1.3138695508241653,1.522823495864868,0.263671875,0.263671875,0.189453125,0.1826171875,0.0005808222106713115,1.0,1.0,0.0,5.654112488031387,127.7896728515625
1680.0,1.3090235888957977,1.522823495864868,0.2578125,0.2578125,0.169921875,0.1943359375,0.000580383749200635,1.0,1.0,0.0,5.654112488031387,127.7896728515625
1690.0,1.3329711481928825,1.522823495864868,0.453125,0.453125,0.41015625,0.1884765625,0.0005799405207842941,1.0,1.0,0.0,5.654112488031387,127.7896728515625
1700.0,1.3412203937768936,1.522823495864868,0.349609375,0.349609375,0.2890625,0.1953125,0.0005794925338607191,1.0,1.0,0.0,5.654112488031387,127.7896728515625
1710.0,1.28718800842762,1.522823495864868,0.310546875,0.310546875,0.2578125,0.1728515625,0.0005790397969589352,1.0,1.0,0.0,5.654112488031387,127.7896728515625
1720.0,1.281293474137783,1.522823495864868,0.35546875,0.35546875,0.3046875,0.1826171875,0.0005785823186984001,1.0,1.0,0.0,5.654112488031387,127.7896728515625
1730.0,1.2678418830037117,1.522823495864868,0.236328125,0.236328125,0.1650390625,0.1689453125,0.0005781201077888409,1.0,1.0,0.0,5.654112488031387,127.7896728515625
1740.0,1.2998627722263336,1.522823495864868,0.265625,0.265625,0.1923828125,0.1845703125,0.0005776531730300868,1.0,1.0,0.0,5.654112488031387,127.7896728515625
1750.0,1.38323412835598,1.522823495864868,0.255859375,0.255859375,0.1708984375,0.1904296875,0.0005771815233119025,1.0,1.0,0.0,5.654112488031387,127.7896728515625
1760.0,1.2843241691589355,1.522823495864868,0.26953125,0.26953125,0.1884765625,0.19140625,0.0005767051676138189,1.0,1.0,0.0,5.654112488031387,127.7896728515625
1770.0,1.2836998403072357,1.522823495864868,0.2333984375,0.2333984375,0.16015625,0.169921875,0.0005762241150049617,1.0,1.0,0.0,5.654112488031387,127.7896728515625
1780.0,1.296381525695324,1.522823495864868,0.26171875,0.26171875,0.1845703125,0.185546875,0.0005757383746438792,1.0,1.0,0.0,5.654112488031387,127.7896728515625
1790.0,1.2406389191746712,1.522823495864868,0.33984375,0.33984375,0.279296875,0.193359375,0.0005752479557783678,1.0,1.0,0.0,5.654112488031387,127.7896728515625
1800.0,1.2730314582586288,1.522823495864868,0.23828125,0.23828125,0.15625,0.1796875,0.0005747528677452957,1.0,1.0,0.0,5.654112488031387,127.7896728515625
1810.0,1.2896098271012306,1.522823495864868,0.263671875,0.263671875,0.1982421875,0.1728515625,0.0005742531199704254,1.0,1.0,0.0,5.654112488031387,127.7896728515625
1820.0,1.314750149846077,1.522823495864868,0.37109375,0.37109375,0.32421875,0.1787109375,0.0005737487219682341,1.0,1.0,0.0,5.654112488031387,127.7896728515625
1830.0,1.2797868624329567,1.522823495864868,0.322265625,0.322265625,0.263671875,0.185546875,0.0005732396833417327,1.0,1.0,0.0,5.654112488031387,127.7896728515625
1840.0,1.3042851835489273,1.522823495864868,0.353515625,0.353515625,0.310546875,0.169921875,0.000572726013782283,1.0,1.0,0.0,5.654112488031387,127.7896728515625
1850.0,1.3019715249538422,1.522823495864868,0.2177734375,0.2177734375,0.1376953125,0.169921875,0.0005722077230694129,1.0,1.0,0.0,5.654112488031387,127.7896728515625
1860.0,1.2915304601192474,1.522823495864868,0.240234375,0.240234375,0.1591796875,0.1796875,0.0005716848210706306,1.0,1.0,0.0,5.654112488031387,127.7896728515625
1870.0,1.319487564265728,1.522823495864868,0.31640625,0.31640625,0.2578125,0.1845703125,0.000571157317741236,1.0,1.0,0.0,5.654112488031387,127.7896728515625
1880.0,1.2816714271903038,1.522823495864868,0.396484375,0.396484375,0.359375,0.16796875,0.0005706252231241326,1.0,1.0,0.0,5.654112488031387,127.7896728515625
1890.0,1.2594062685966492,1.522823495864868,0.345703125,0.345703125,0.298828125,0.1748046875,0.0005700885473496346,1.0,1.0,0.0,5.654112488031387,127.7896728515625
1900.0,1.2840819731354713,1.522823495864868,0.244140625,0.244140625,0.169921875,0.1748046875,0.0005695473006352755,1.0,1.0,0.0,5.654112488031387,127.7896728515625
1910.0,1.3120833933353424,1.522823495864868,0.228515625,0.228515625,0.1435546875,0.1787109375,0.000569001493285612,1.0,1.0,0.0,5.654112488031387,127.7896728515625
1920.0,1.2735957503318787,1.522823495864868,0.232421875,0.232421875,0.1416015625,0.1845703125,0.0005684511356920296,1.0,1.0,0.0,5.654112488031387,127.7896728515625
1930.0,1.272886000573635,1.522823495864868,0.2470703125,0.2470703125,0.171875,0.1767578125,0.0005678962383325438,1.0,1.0,0.0,5.654112488031387,127.7896728515625
1940.0,1.2777968049049377,1.522823495864868,0.2470703125,0.2470703125,0.18359375,0.166015625,0.0005673368117715999,1.0,1.0,0.0,5.654112488031387,127.7896728515625
1950.0,1.2349124774336815,1.522823495864868,0.330078125,0.330078125,0.275390625,0.1806640625,0.0005667728666598737,1.0,1.0,0.0,5.654112488031387,127.7896728515625
1960.0,1.2749653235077858,1.522823495864868,0.23046875,0.23046875,0.15234375,0.171875,0.000566204413734067,1.0,1.0,0.0,5.654112488031387,127.7896728515625
1970.0,1.3334710747003555,1.522823495864868,0.2734375,0.2734375,0.212890625,0.1708984375,0.000565631463816704,1.0,1.0,0.0,5.654112488031387,127.7896728515625
1980.0,1.2742276638746262,1.522823495864868,0.42578125,0.42578125,0.392578125,0.1650390625,0.0005650540278159257,1.0,1.0,0.0,5.654112488031387,127.7896728515625
1990.0,1.273371122777462,1.522823495864868,0.302734375,0.302734375,0.25,0.1689453125,0.0005644721167252806,1.0,1.0,0.0,5.654112488031387,127.7896728515625
2000.0,1.2700654417276382,1.2946910309791564,0.2275390625,0.2275390625,0.15625,0.1650390625,0.0005638857416235175,1.0,1.0,0.0,4.693617537617683,287.8013000488281
2010.0,1.2704050317406654,1.2946910309791564,0.298828125,0.298828125,0.24609375,0.1689453125,0.0005632949136743727,1.0,1.0,0.0,4.693617537617683,287.8013000488281
2020.0,1.27255367487669,1.2946910309791564,0.2490234375,0.2490234375,0.1826171875,0.16796875,0.0005626996441263591,1.0,1.0,0.0,4.693617537617683,287.8013000488281
2030.0,1.2444528564810753,1.2946910309791564,0.38671875,0.38671875,0.345703125,0.173828125,0.0005620999443125504,1.0,1.0,0.0,4.693617537617683,287.8013000488281
2040.0,1.26173634827137,1.2946910309791564,0.2294921875,0.2294921875,0.1572265625,0.1669921875,0.0005614958256503673,1.0,1.0,0.0,4.693617537617683,287.8013000488281
2050.0,1.2512382343411446,1.2946910309791564,0.2578125,0.2578125,0.1875,0.17578125,0.0005608872996413574,1.0,1.0,0.0,4.693617537617683,287.8013000488281
2060.0,1.2375446557998657,1.2946910309791564,0.34765625,0.34765625,0.30859375,0.16015625,0.0005602743778709794,1.0,1.0,0.0,4.693617537617683,287.8013000488281
2070.0,1.2456100657582283,1.2946910309791564,0.52734375,0.52734375,0.50390625,0.1650390625,0.0005596570720083802,1.0,1.0,0.0,4.693617537617683,287.8013000488281
2080.0,1.2524105831980705,1.2946910309791564,0.4140625,0.4140625,0.373046875,0.17578125,0.0005590353938061735,1.0,1.0,0.0,4.693617537617683,287.8013000488281
2090.0,1.286333367228508,1.2946910309791564,0.265625,0.265625,0.2060546875,0.16796875,0.0005584093551002159,1.0,1.0,0.0,4.693617537617683,287.8013000488281
2100.0,1.252506598830223,1.2946910309791564,0.21875,0.21875,0.1435546875,0.166015625,0.0005577789678093824,1.0,1.0,0.0,4.693617537617683,287.8013000488281
2110.0,1.2347760796546936,1.2946910309791564,0.29296875,0.29296875,0.2421875,0.1640625,0.0005571442439353382,1.0,1.0,0.0,4.693617537617683,287.8013000488281
2120.0,1.2766152247786522,1.2946910309791564,0.2294921875,0.2294921875,0.15625,0.16796875,0.0005565051955623106,1.0,1.0,0.0,4.693617537617683,287.8013000488281
2130.0,1.243028685450554,1.2946910309791564,0.248046875,0.248046875,0.1845703125,0.166015625,0.0005558618348568598,1.0,1.0,0.0,4.693617537617683,287.8013000488281
2140.0,1.2555861547589302,1.2946910309791564,0.5703125,0.5703125,0.54296875,0.166015625,0.0005552141740676462,1.0,1.0,0.0,4.693617537617683,287.8013000488281
2150.0,1.2682082876563072,1.2946910309791564,0.40234375,0.40234375,0.3671875,0.1630859375,0.0005545622255251977,1.0,1.0,0.0,4.693617537617683,287.8013000488281
2160.0,1.2284771278500557,1.2946910309791564,0.2138671875,0.2138671875,0.13671875,0.1640625,0.0005539060016416745,1.0,1.0,0.0,4.693617537617683,287.8013000488281
2170.0,1.24217439442873,1.2946910309791564,0.23828125,0.23828125,0.1689453125,0.1689453125,0.0005532455149106336,1.0,1.0,0.0,4.693617537617683,287.8013000488281
2180.0,1.290827751159668,1.2946910309791564,0.263671875,0.263671875,0.205078125,0.166015625,0.0005525807779067902,1.0,1.0,0.0,4.693617537617683,287.8013000488281
2190.0,1.243372417986393,1.2946910309791564,0.236328125,0.236328125,0.1552734375,0.1787109375,0.000551911803285779,1.0,1.0,0.0,4.693617537617683,287.8013000488281
2200.0,1.2568952590227127,1.2946910309791564,0.314453125,0.314453125,0.265625,0.1650390625,0.0005512386037839121,1.0,1.0,0.0,4.693617537617683,287.8013000488281
2210.0,1.249373272061348,1.2946910309791564,0.33203125,0.33203125,0.29296875,0.1591796875,0.0005505611922179377,1.0,1.0,0.0,4.693617537617683,287.8013000488281
2220.0,1.267928995192051,1.2946910309791564,0.2392578125,0.2392578125,0.1708984375,0.16796875,0.0005498795814847957,1.0,1.0,0.0,4.693617537617683,287.8013000488281
2230.0,1.2314493954181671,1.2946910309791564,0.2255859375,0.2255859375,0.1552734375,0.1640625,0.0005491937845613717,1.0,1.0,0.0,4.693617537617683,287.8013000488281
2240.0,1.2165169939398766,1.2946910309791564,0.416015625,0.416015625,0.3828125,0.1611328125,0.0005485038145042506,1.0,1.0,0.0,4.693617537617683,287.8013000488281
2250.0,1.2271652296185493,1.2946910309791564,0.349609375,0.349609375,0.3046875,0.16796875,0.000547809684449468,1.0,1.0,0.0,4.693617537617683,287.8013000488281
2260.0,1.2354076728224754,1.2946910309791564,0.244140625,0.244140625,0.177734375,0.1669921875,0.0005471114076122593,1.0,1.0,0.0,4.693617537617683,287.8013000488281
2270.0,1.2299530357122421,1.2946910309791564,0.314453125,0.314453125,0.267578125,0.166015625,0.0005464089972868091,1.0,1.0,0.0,4.693617537617683,287.8013000488281
2280.0,1.2325476109981537,1.2946910309791564,0.2197265625,0.2197265625,0.1533203125,0.1572265625,0.0005457024668459973,1.0,1.0,0.0,4.693617537617683,287.8013000488281
2290.0,1.232880137860775,1.2946910309791564,0.498046875,0.498046875,0.470703125,0.1640625,0.0005449918297411452,1.0,1.0,0.0,4.693617537617683,287.8013000488281
2300.0,1.2501637414097786,1.2946910309791564,0.27734375,0.27734375,0.2099609375,0.181640625,0.000544277099501759,1.0,1.0,0.0,4.693617537617683,287.8013000488281
2310.0,1.2447651475667953,1.2946910309791564,0.255859375,0.255859375,0.1865234375,0.1748046875,0.0005435582897352719,1.0,1.0,0.0,4.693617537617683,287.8013000488281
2320.0,1.265259213745594,1.2946910309791564,0.232421875,0.232421875,0.1484375,0.1787109375,0.000542835414126786,1.0,1.0,0.0,4.693617537617683,287.8013000488281
2330.0,1.170189507305622,1.2946910309791564,0.3515625,0.3515625,0.3125,0.162109375,0.0005421084864388106,1.0,1.0,0.0,4.693617537617683,287.8013000488281
2340.0,1.2181583121418953,1.2946910309791564,0.5,0.5,0.47265625,0.1640625,0.0005413775205110014,1.0,1.0,0.0,4.693617537617683,287.8013000488281
2350.0,1.2621299102902412,1.2946910309791564,0.283203125,0.283203125,0.2314453125,0.1630859375,0.0005406425302598957,1.0,1.0,0.0,4.693617537617683,287.8013000488281
2360.0,1.2247003465890884,1.2946910309791564,0.283203125,0.283203125,0.228515625,0.1669921875,0.0005399035296786486,1.0,1.0,0.0,4.693617537617683,287.8013000488281
2370.0,1.2838378995656967,1.2946910309791564,0.2138671875,0.2138671875,0.1435546875,0.158203125,0.0005391605328367657,1.0,1.0,0.0,4.693617537617683,287.8013000488281
2380.0,1.2314679250121117,1.2946910309791564,0.4296875,0.4296875,0.400390625,0.15625,0.0005384135538798362,1.0,1.0,0.0,4.693617537617683,287.8013000488281
2390.0,1.2543152570724487,1.2946910309791564,0.2236328125,0.2236328125,0.158203125,0.1591796875,0.0005376626070292623,1.0,1.0,0.0,4.693617537617683,287.8013000488281
2400.0,1.2668465003371239,1.2946910309791564,0.33203125,0.33203125,0.283203125,0.17578125,0.0005369077065819898,1.0,1.0,0.0,4.693617537617683,287.8013000488281
2410.0,1.2113590016961098,1.2946910309791564,0.40234375,0.40234375,0.36328125,0.171875,0.0005361488669102352,1.0,1.0,0.0,4.693617537617683,287.8013000488281
2420.0,1.2410850077867508,1.2946910309791564,0.326171875,0.326171875,0.279296875,0.166015625,0.0005353861024612117,1.0,1.0,0.0,4.693617537617683,287.8013000488281
2430.0,1.2174924165010452,1.2946910309791564,0.2099609375,0.2099609375,0.1337890625,0.162109375,0.0005346194277568551,1.0,1.0,0.0,4.693617537617683,287.8013000488281
2440.0,1.2444328740239143,1.2946910309791564,0.2333984375,0.2333984375,0.169921875,0.16015625,0.0005338488573935464,1.0,1.0,0.0,4.693617537617683,287.8013000488281
2450.0,1.1894211694598198,1.2946910309791564,0.1904296875,0.1904296875,0.11279296875,0.1533203125,0.0005330744060418348,1.0,1.0,0.0,4.693617537617683,287.8013000488281
2460.0,1.1759372726082802,1.2946910309791564,0.4609375,0.4609375,0.435546875,0.1533203125,0.0005322960884461578,1.0,1.0,0.0,4.693617537617683,287.8013000488281
2470.0,1.210347756743431,1.2946910309791564,0.515625,0.515625,0.490234375,0.1650390625,0.0005315139194245601,1.0,1.0,0.0,4.693617537617683,287.8013000488281
2480.0,1.2215192541480064,1.2946910309791564,0.21484375,0.21484375,0.1376953125,0.1650390625,0.0005307279138684125,1.0,1.0,0.0,4.693617537617683,287.8013000488281
2490.0,1.2042702212929726,1.2946910309791564,0.2890625,0.2890625,0.240234375,0.1591796875,0.0005299380867421282,1.0,1.0,0.0,4.693617537617683,287.8013000488281
2500.0,1.2034499496221542,1.2946910309791564,0.2373046875,0.2373046875,0.1787109375,0.1572265625,0.0005291444530828768,1.0,1.0,0.0,4.693617537617683,287.8013000488281
2510.0,1.1908394172787666,1.2946910309791564,0.248046875,0.248046875,0.189453125,0.16015625,0.0005283470280002992,1.0,1.0,0.0,4.693617537617683,287.8013000488281
2520.0,1.2051916718482971,1.2946910309791564,0.5703125,0.5703125,0.55078125,0.158203125,0.0005275458266762196,1.0,1.0,0.0,4.693617537617683,287.8013000488281
2530.0,1.2170937731862068,1.2946910309791564,0.412109375,0.412109375,0.37890625,0.1650390625,0.0005267408643643563,1.0,1.0,0.0,4.693617537617683,287.8013000488281
2540.0,1.2180387079715729,1.2946910309791564,0.373046875,0.373046875,0.3359375,0.1611328125,0.0005259321563900311,1.0,1.0,0.0,4.693617537617683,287.8013000488281
2550.0,1.2043784260749817,1.2946910309791564,0.23046875,0.23046875,0.1650390625,0.16015625,0.0005251197181498786,1.0,1.0,0.0,4.693617537617683,287.8013000488281
2560.0,1.2016920074820518,1.2946910309791564,0.3046875,0.3046875,0.26171875,0.15625,0.0005243035651115516,1.0,1.0,0.0,4.693617537617683,287.8013000488281
2570.0,1.1907923817634583,1.2946910309791564,0.2177734375,0.2177734375,0.1416015625,0.166015625,0.0005234837128134273,1.0,1.0,0.0,4.693617537617683,287.8013000488281
2580.0,1.1778218150138855,1.2946910309791564,0.2431640625,0.2431640625,0.1845703125,0.158203125,0.0005226601768643118,1.0,1.0,0.0,4.693617537617683,287.8013000488281
2590.0,1.2496404200792313,1.2946910309791564,0.326171875,0.326171875,0.283203125,0.1611328125,0.0005218329729431426,1.0,1.0,0.0,4.693617537617683,287.8013000488281
2600.0,1.1809520795941353,1.2946910309791564,0.259765625,0.259765625,0.2060546875,0.1572265625,0.0005210021167986897,1.0,1.0,0.0,4.693617537617683,287.8013000488281
2610.0,1.1955396011471748,1.2946910309791564,0.373046875,0.373046875,0.33984375,0.1533203125,0.0005201676242492567,1.0,1.0,0.0,4.693617537617683,287.8013000488281
2620.0,1.1950244754552841,1.2946910309791564,0.255859375,0.255859375,0.19921875,0.16015625,0.0005193295111823786,1.0,1.0,0.0,4.693617537617683,287.8013000488281
2630.0,1.2007091715931892,1.2946910309791564,0.255859375,0.255859375,0.19921875,0.16015625,0.0005184877935545201,1.0,1.0,0.0,4.693617537617683,287.8013000488281
2640.0,1.2100159749388695,1.2946910309791564,0.265625,0.265625,0.2119140625,0.16015625,0.0005176424873907719,1.0,1.0,0.0,4.693617537617683,287.8013000488281
2650.0,1.2130577862262726,1.2946910309791564,0.251953125,0.251953125,0.1904296875,0.1630859375,0.0005167936087845445,1.0,1.0,0.0,4.693617537617683,287.8013000488281
2660.0,1.1633216068148613,1.2946910309791564,0.283203125,0.283203125,0.2353515625,0.158203125,0.0005159411738972629,1.0,1.0,0.0,4.693617537617683,287.8013000488281
2670.0,1.1636880412697792,1.2946910309791564,0.244140625,0.244140625,0.1845703125,0.1591796875,0.0005150851989580588,1.0,1.0,0.0,4.693617537617683,287.8013000488281
2680.0,1.224602960050106,1.2946910309791564,0.2333984375,0.2333984375,0.173828125,0.15625,0.0005142257002634611,1.0,1.0,0.0,4.693617537617683,287.8013000488281
2690.0,1.2119535952806473,1.2946910309791564,0.2060546875,0.2060546875,0.12451171875,0.1640625,0.0005133626941770861,1.0,1.0,0.0,4.693617537617683,287.8013000488281
2700.0,1.1587381213903427,1.2946910309791564,0.2431640625,0.2431640625,0.1826171875,0.1611328125,0.0005124961971293255,1.0,1.0,0.0,4.693617537617683,287.8013000488281
2710.0,1.1708037741482258,1.2946910309791564,0.228515625,0.228515625,0.1669921875,0.15625,0.0005116262256170343,1.0,1.0,0.0,4.693617537617683,287.8013000488281
2720.0,1.2307217419147491,1.2946910309791564,0.255859375,0.255859375,0.2001953125,0.1591796875,0.0005107527962032159,1.0,1.0,0.0,4.693617537617683,287.8013000488281
2730.0,1.2071774676442146,1.2946910309791564,0.255859375,0.255859375,0.185546875,0.17578125,0.0005098759255167072,1.0,1.0,0.0,4.693617537617683,287.8013000488281
2740.0,1.2014971822500229,1.2946910309791564,0.2421875,0.2421875,0.185546875,0.1552734375,0.0005089956302518624,1.0,1.0,0.0,4.693617537617683,287.8013000488281
2750.0,1.1945074871182442,1.2946910309791564,0.279296875,0.279296875,0.2314453125,0.1572265625,0.000508111927168234,1.0,1.0,0.0,4.693617537617683,287.8013000488281
2760.0,1.2091743499040604,1.2946910309791564,0.2109375,0.2109375,0.1416015625,0.1552734375,0.0005072248330902553,1.0,1.0,0.0,4.693617537617683,287.8013000488281
2770.0,1.1914748474955559,1.2946910309791564,0.314453125,0.314453125,0.2734375,0.1572265625,0.0005063343649069187,1.0,1.0,0.0,4.693617537617683,287.8013000488281
2780.0,1.216195747256279,1.2946910309791564,0.279296875,0.279296875,0.2314453125,0.15625,0.0005054405395714547,1.0,1.0,0.0,4.693617537617683,287.8013000488281
2790.0,1.222537949681282,1.2946910309791564,0.2294921875,0.2294921875,0.1650390625,0.1591796875,0.0005045433741010094,1.0,1.0,0.0,4.693617537617683,287.8013000488281
2800.0,1.2434983551502228,1.2946910309791564,0.2177734375,0.2177734375,0.150390625,0.1572265625,0.0005036428855763201,1.0,1.0,0.0,4.693617537617683,287.8013000488281
2810.0,1.1901198253035545,1.2946910309791564,0.1923828125,0.1923828125,0.1142578125,0.154296875,0.0005027390911413901,1.0,1.0,0.0,4.693617537617683,287.8013000488281
2820.0,1.1552676260471344,1.2946910309791564,0.2490234375,0.2490234375,0.1923828125,0.1572265625,0.000501832008003163,1.0,1.0,0.0,4.693617537617683,287.8013000488281
2830.0,1.1660999581217766,1.2946910309791564,0.439453125,0.439453125,0.41015625,0.16015625,0.000500921653431194,1.0,1.0,0.0,4.693617537617683,287.8013000488281
2840.0,1.1861601322889328,1.2946910309791564,0.314453125,0.314453125,0.271484375,0.16015625,0.0005000080447573218,1.0,1.0,0.0,4.693617537617683,287.8013000488281
2850.0,1.19170480966568,1.2946910309791564,0.30078125,0.30078125,0.251953125,0.162109375,0.0004990911993753388,1.0,1.0,0.0,4.693617537617683,287.8013000488281
2860.0,1.1839629039168358,1.2946910309791564,0.380859375,0.380859375,0.345703125,0.16015625,0.0004981711347406594,1.0,1.0,0.0,4.693617537617683,287.8013000488281
2870.0,1.2113529220223427,1.2946910309791564,0.27734375,0.27734375,0.2294921875,0.154296875,0.000497247868369988,1.0,1.0,0.0,4.693617537617683,287.8013000488281
2880.0,1.1853237971663475,1.2946910309791564,0.2275390625,0.2275390625,0.1640625,0.1572265625,0.0004963214178409856,1.0,1.0,0.0,4.693617537617683,287.8013000488281
2890.0,1.1840085089206696,1.2946910309791564,0.26953125,0.26953125,0.2197265625,0.15625,0.0004953918007919345,1.0,1.0,0.0,4.693617537617683,287.8013000488281
2900.0,1.2002876549959183,1.2946910309791564,0.224609375,0.224609375,0.1630859375,0.1552734375,0.0004944590349214036,1.0,1.0,0.0,4.693617537617683,287.8013000488281
2910.0,1.1651295274496078,1.2946910309791564,0.240234375,0.240234375,0.1845703125,0.1533203125,0.0004935231379879103,1.0,1.0,0.0,4.693617537617683,287.8013000488281
2920.0,1.2044847905635834,1.2946910309791564,0.24609375,0.24609375,0.1875,0.158203125,0.0004925841278095832,1.0,1.0,0.0,4.693617537617683,287.8013000488281
2930.0,1.2060959041118622,1.2946910309791564,0.28125,0.28125,0.2314453125,0.1572265625,0.0004916420222638228,1.0,1.0,0.0,4.693617537617683,287.8013000488281
2940.0,1.1935831606388092,1.2946910309791564,0.2099609375,0.2099609375,0.1376953125,0.1591796875,0.0004906968392869601,1.0,1.0,0.0,4.693617537617683,287.8013000488281
2950.0,1.2038247808814049,1.2946910309791564,0.29296875,0.29296875,0.2470703125,0.1572265625,0.0004897485968739171,1.0,1.0,0.0,4.693617537617683,287.8013000488281
2960.0,1.1600013822317123,1.2946910309791564,0.1943359375,0.1943359375,0.111328125,0.1591796875,0.0004887973130778623,1.0,1.0,0.0,4.693617537617683,287.8013000488281
2970.0,1.1889422610402107,1.2946910309791564,0.296875,0.296875,0.251953125,0.1591796875,0.0004878430060098678,1.0,1.0,0.0,4.693617537617683,287.8013000488281
2980.0,1.129874799400568,1.2946910309791564,0.251953125,0.251953125,0.201171875,0.1513671875,0.0004868856938385647,1.0,1.0,0.0,4.693617537617683,287.8013000488281
2990.0,1.1928342580795288,1.2946910309791564,0.2177734375,0.2177734375,0.154296875,0.154296875,0.0004859253947897968,1.0,1.0,0.0,4.693617537617683,287.8013000488281
3000.0,1.1751436218619347,1.2077163338661194,0.494140625,0.494140625,0.46875,0.158203125,0.00048496212714627373,1.0,1.0,0.0,4.318206404646237,423.81085205078125
3010.0,1.18460513651371,1.2077163338661194,0.2333984375,0.2333984375,0.171875,0.158203125,0.0004839959092472228,1.0,1.0,0.0,4.318206404646237,423.81085205078125
3020.0,1.1796783730387688,1.2077163338661194,0.205078125,0.205078125,0.1328125,0.15625,0.0004830267594880402,1.0,1.0,0.0,4.318206404646237,423.81085205078125
3030.0,1.1475098505616188,1.2077163338661194,0.2490234375,0.2490234375,0.197265625,0.1513671875,0.00048205469631994023,1.0,1.0,0.0,4.318206404646237,423.81085205078125
3040.0,1.1483570709824562,1.2077163338661194,0.26953125,0.26953125,0.224609375,0.150390625,0.00048107973824960444,1.0,1.0,0.0,4.318206404646237,423.81085205078125
3050.0,1.1591938063502312,1.2077163338661194,0.33203125,0.33203125,0.29296875,0.15625,0.0004801019038388293,1.0,1.0,0.0,4.318206404646237,423.81085205078125
3060.0,1.152193333953619,1.2077163338661194,0.43359375,0.43359375,0.404296875,0.15625,0.00047912121170417215,1.0,1.0,0.0,4.318206404646237,423.81085205078125
3070.0,1.151756763458252,1.2077163338661194,0.2294921875,0.2294921875,0.171875,0.15234375,0.00047813768051659767,1.0,1.0,0.0,4.318206404646237,423.81085205078125
3080.0,1.1408206671476364,1.2077163338661194,0.3828125,0.3828125,0.34765625,0.158203125,0.00047715132900112223,1.0,1.0,0.0,4.318206404646237,423.81085205078125
3090.0,1.1648989766836166,1.2077163338661194,0.2353515625,0.2353515625,0.181640625,0.1494140625,0.00047616217593645656,1.0,1.0,0.0,4.318206404646237,423.81085205078125
3100.0,1.1329081989824772,1.2077163338661194,0.35546875,0.35546875,0.3203125,0.15234375,0.0004751702401546493,1.0,1.0,0.0,4.318206404646237,423.81085205078125
3110.0,1.1436174660921097,1.2077163338661194,0.412109375,0.412109375,0.37890625,0.1591796875,0.000474175540540728,1.0,1.0,0.0,4.318206404646237,423.81085205078125
3120.0,1.1478172689676285,1.2077163338661194,0.255859375,0.255859375,0.203125,0.154296875,0.00047317809603233924,1.0,1.0,0.0,4.318206404646237,423.81085205078125
3130.0,1.1341935396194458,1.2077163338661194,0.259765625,0.259765625,0.2080078125,0.15625,0.0004721779256193888,1.0,1.0,0.0,4.318206404646237,423.81085205078125
3140.0,1.1643817201256752,1.2077163338661194,0.2041015625,0.2041015625,0.12890625,0.158203125,0.00047117504834367975,1.0,1.0,0.0,4.318206404646237,423.81085205078125
3150.0,1.1710167825222015,1.2077163338661194,0.40625,0.40625,0.376953125,0.15234375,0.0004701694832985496,1.0,1.0,0.0,4.318206404646237,423.81085205078125
3160.0,1.141802340745926,1.2077163338661194,0.1962890625,0.1962890625,0.12890625,0.1474609375,0.00046916124962850743,1.0,1.0,0.0,4.318206404646237,423.81085205078125
3170.0,1.1740098223090172,1.2077163338661194,0.193359375,0.193359375,0.11376953125,0.15625,0.00046815036652886896,1.0,1.0,0.0,4.318206404646237,423.81085205078125
3180.0,1.1270191296935081,1.2077163338661194,0.28515625,0.28515625,0.240234375,0.1513671875,0.0004671368532453912,1.0,1.0,0.0,4.318206404646237,423.81085205078125
3190.0,1.1503742709755898,1.2077163338661194,0.400390625,0.400390625,0.37109375,0.1494140625,0.0004661207290739063,1.0,1.0,0.0,4.318206404646237,423.81085205078125
3200.0,1.1752235293388367,1.2077163338661194,0.31640625,0.31640625,0.271484375,0.1611328125,0.0004651020133599535,1.0,1.0,0.0,4.318206404646237,423.81085205078125
3210.0,1.1303046122193336,1.2077163338661194,0.2158203125,0.2158203125,0.15625,0.1484375,0.0004640807254984117,1.0,1.0,0.0,4.318206404646237,423.81085205078125
3220.0,1.1832038387656212,1.2077163338661194,0.265625,0.265625,0.21484375,0.158203125,0.0004630568849331297,1.0,1.0,0.0,4.318206404646237,423.81085205078125
3230.0,1.1630678176879883,1.2077163338661194,0.388671875,0.388671875,0.357421875,0.1513671875,0.00046203051115655593,1.0,1.0,0.0,4.318206404646237,423.81085205078125
3240.0,1.162623107433319,1.2077163338661194,0.369140625,0.369140625,0.3359375,0.1513671875,0.0004610016237093675,1.0,1.0,0.0,4.318206404646237,423.81085205078125
3250.0,1.1429790928959846,1.2077163338661194,0.45703125,0.45703125,0.4296875,0.154296875,0.0004599702421800986,1.0,1.0,0.0,4.318206404646237,423.81085205078125
3260.0,1.1492779552936554,1.2077163338661194,0.330078125,0.330078125,0.294921875,0.150390625,0.00045893638620476653,1.0,1.0,0.0,4.318206404646237,423.81085205078125
3270.0,1.1516246870160103,1.2077163338661194,0.2578125,0.2578125,0.2001953125,0.1630859375,0.00045790007546649895,1.0,1.0,0.0,4.318206404646237,423.81085205078125
3280.0,1.1544904857873917,1.2077163338661194,0.30078125,0.30078125,0.259765625,0.1513671875,0.0004568613296951585,1.0,1.0,0.0,4.318206404646237,423.81085205078125
3290.0,1.162063516676426,1.2077163338661194,0.2314453125,0.2314453125,0.169921875,0.1572265625,0.0004558201686669673,1.0,1.0,0.0,4.318206404646237,423.81085205078125
3300.0,1.1468334048986435,1.2077163338661194,0.2470703125,0.2470703125,0.1982421875,0.1484375,0.00045477661220413054,1.0,1.0,0.0,4.318206404646237,423.81085205078125
3310.0,1.201130785048008,1.2077163338661194,0.458984375,0.458984375,0.431640625,0.1552734375,0.0004537306801744591,1.0,1.0,0.0,4.318206404646237,423.81085205078125
3320.0,1.1179423667490482,1.2077163338661194,0.33203125,0.33203125,0.294921875,0.1533203125,0.00045268239249099103,1.0,1.0,0.0,4.318206404646237,423.81085205078125
3330.0,1.1415736339986324,1.2077163338661194,0.3515625,0.3515625,0.318359375,0.1494140625,0.0004516317691116128,1.0,1.0,0.0,4.318206404646237,423.81085205078125
3340.0,1.126990869641304,1.2077163338661194,0.1787109375,0.1787109375,0.10009765625,0.1484375,0.0004505788300386791,1.0,1.0,0.0,4.318206404646237,423.81085205078125
3350.0,1.1219725720584393,1.2077163338661194,0.341796875,0.341796875,0.302734375,0.158203125,0.0004495235953186321,1.0,1.0,0.0,4.318206404646237,423.81085205078125
3360.0,1.1522746086120605,1.2077163338661194,0.193359375,0.193359375,0.119140625,0.15234375,0.00044846608504161975,1.0,1.0,0.0,4.318206404646237,423.81085205078125
3370.0,1.1865025460720062,1.2077163338661194,0.37109375,0.37109375,0.337890625,0.1533203125,0.0004474063193411134,1.0,1.0,0.0,4.318206404646237,423.81085205078125
3380.0,1.1559975892305374,1.2077163338661194,0.228515625,0.228515625,0.169921875,0.15234375,0.00044634431839352443,1.0,1.0,0.0,4.318206404646237,423.81085205078125
3390.0,1.1465372443199158,1.2077163338661194,0.373046875,0.373046875,0.34375,0.1474609375,0.00044528010241781993,1.0,1.0,0.0,4.318206404646237,423.81085205078125
3400.0,1.1713486388325691,1.2077163338661194,0.244140625,0.244140625,0.1904296875,0.15234375,0.00044421369167513806,1.0,1.0,0.0,4.318206404646237,423.81085205078125
3410.0,1.155103676021099,1.2077163338661194,0.37890625,0.37890625,0.345703125,0.1552734375,0.00044314510646840217,1.0,1.0,0.0,4.318206404646237,423.81085205078125
3420.0,1.1251231282949448,1.2077163338661194,0.216796875,0.216796875,0.1591796875,0.1474609375,0.00044207436714193435,1.0,1.0,0.0,4.318206404646237,423.81085205078125
3430.0,1.1401888951659203,1.2077163338661194,0.25,0.25,0.1982421875,0.15234375,0.00044100149408106784,1.0,1.0,0.0,4.318206404646237,423.81085205078125
3440.0,1.1465283334255219,1.2077163338661194,0.197265625,0.197265625,0.1259765625,0.1513671875,0.0004399265077117592,1.0,1.0,0.0,4.318206404646237,423.81085205078125
3450.0,1.137457326054573,1.2077163338661194,0.2060546875,0.2060546875,0.14453125,0.146484375,0.0004388494285001994,1.0,1.0,0.0,4.318206404646237,423.81085205078125
3460.0,1.1285177543759346,1.2077163338661194,0.419921875,0.419921875,0.392578125,0.1484375,0.00043777027695242413,1.0,1.0,0.0,4.318206404646237,423.81085205078125
3470.0,1.158032663166523,1.2077163338661194,0.1748046875,0.1748046875,0.09375,0.1474609375,0.0004366890736139231,1.0,1.0,0.0,4.318206404646237,423.81085205078125
3480.0,1.1219343058764935,1.2077163338661194,0.283203125,0.283203125,0.236328125,0.1552734375,0.0004356058390692495,1.0,1.0,0.0,4.318206404646237,423.81085205078125
3490.0,1.1264629811048508,1.2077163338661194,0.26953125,0.26953125,0.2158203125,0.1611328125,0.0004345205939416275,1.0,1.0,0.0,4.318206404646237,423.81085205078125
3500.0,1.1548761054873466,1.2077163338661194,0.244140625,0.244140625,0.193359375,0.1484375,0.00043343335889256003,1.0,1.0,0.0,4.318206404646237,423.81085205078125
3510.0,1.1255711242556572,1.2077163338661194,0.201171875,0.201171875,0.1328125,0.1513671875,0.0004323441546214353,1.0,1.0,0.0,4.318206404646237,423.81085205078125
3520.0,1.101038258522749,1.2077163338661194,0.2109375,0.2109375,0.1484375,0.1494140625,0.00043125300186513233,1.0,1.0,0.0,4.318206404646237,423.81085205078125
3530.0,1.1281191520392895,1.2077163338661194,0.494140625,0.494140625,0.47265625,0.1474609375,0.0004301599213976271,1.0,1.0,0.0,4.318206404646237,423.81085205078125
3540.0,1.1139893010258675,1.2077163338661194,0.26171875,0.26171875,0.2158203125,0.1484375,0.00042906493402959585,1.0,1.0,0.0,4.318206404646237,423.81085205078125
3550.0,1.1559152007102966,1.2077163338661194,0.2001953125,0.2001953125,0.1357421875,0.1474609375,0.00042796806060801967,1.0,1.0,0.0,4.318206404646237,423.81085205078125
3560.0,1.1057929620146751,1.2077163338661194,0.376953125,0.376953125,0.34765625,0.146484375,0.00042686932201578743,1.0,1.0,0.0,4.318206404646237,423.81085205078125
3570.0,1.121269017457962,1.2077163338661194,0.1748046875,0.1748046875,0.09375,0.1474609375,0.00042576873917129815,1.0,1.0,0.0,4.318206404646237,423.81085205078125
3580.0,1.1188463754951954,1.2077163338661194,0.275390625,0.275390625,0.224609375,0.158203125,0.0004246663330280626,1.0,1.0,0.0,4.318206404646237,423.81085205078125
3590.0,1.1289708092808723,1.2077163338661194,0.2255859375,0.2255859375,0.169921875,0.1484375,0.00042356212457430497,1.0,1.0,0.0,4.318206404646237,423.81085205078125
3600.0,1.1414214111864567,1.2077163338661194,0.318359375,0.318359375,0.28125,0.1474609375,0.0004224561348325622,1.0,1.0,0.0,4.318206404646237,423.81085205078125
3610.0,1.12099489569664,1.2077163338661194,0.185546875,0.185546875,0.11279296875,0.146484375,0.00042134838485928495,1.0,1.0,0.0,4.318206404646237,423.81085205078125
3620.0,1.1420405134558678,1.2077163338661194,0.2412109375,0.2412109375,0.1875,0.1513671875,0.00042023889574443584,1.0,1.0,0.0,4.318206404646237,423.81085205078125
3630.0,1.094149187207222,1.2077163338661194,0.1884765625,0.1884765625,0.115234375,0.1494140625,0.0004191276886110882,1.0,1.0,0.0,4.318206404646237,423.81085205078125
3640.0,1.1090734712779522,1.2077163338661194,0.33984375,0.33984375,0.306640625,0.1484375,0.0004180147846150243,1.0,1.0,0.0,4.318206404646237,423.81085205078125
3650.0,1.1256855130195618,1.2077163338661194,0.3515625,0.3515625,0.314453125,0.154296875,0.0004169002049443319,1.0,1.0,0.0,4.318206404646237,423.81085205078125
3660.0,1.094733975827694,1.2077163338661194,0.2578125,0.2578125,0.2099609375,0.1513671875,0.00041578397081900133,1.0,1.0,0.0,4.318206404646237,423.81085205078125
3670.0,1.1225921213626862,1.2077163338661194,0.212890625,0.212890625,0.1533203125,0.1474609375,0.00041466610349052133,1.0,1.0,0.0,4.318206404646237,423.81085205078125
3680.0,1.066068559885025,1.2077163338661194,0.259765625,0.259765625,0.212890625,0.150390625,0.0004135466242414743,1.0,1.0,0.0,4.318206404646237,423.81085205078125
3690.0,1.1230028793215752,1.2077163338661194,0.400390625,0.400390625,0.373046875,0.1474609375,0.0004124255543851317,1.0,1.0,0.0,4.318206404646237,423.81085205078125
3700.0,1.1383266523480415,1.2077163338661194,0.33984375,0.33984375,0.3046875,0.1494140625,0.0004113029152650475,1.0,1.0,0.0,4.318206404646237,423.81085205078125
3710.0,1.1036712974309921,1.2077163338661194,0.236328125,0.236328125,0.185546875,0.1455078125,0.00041017872825465225,1.0,1.0,0.0,4.318206404646237,423.81085205078125
3720.0,1.0952264815568924,1.2077163338661194,0.474609375,0.474609375,0.451171875,0.14453125,0.0004090530147568461,1.0,1.0,0.0,4.318206404646237,423.81085205078125
3730.0,1.1288848593831062,1.2077163338661194,0.259765625,0.259765625,0.2109375,0.1513671875,0.00040792579620359146,1.0,1.0,0.0,4.318206404646237,423.81085205078125
3740.0,1.1420954912900925,1.2077163338661194,0.3125,0.3125,0.271484375,0.1552734375,0.00040679709405550473,1.0,1.0,0.0,4.318206404646237,423.81085205078125
3750.0,1.0722430646419525,1.2077163338661194,0.173828125,0.173828125,0.09521484375,0.1455078125,0.00040566692980144786,1.0,1.0,0.0,4.318206404646237,423.81085205078125
3760.0,1.1319289728999138,1.2077163338661194,0.40234375,0.40234375,0.373046875,0.1484375,0.0004045353249581191,1.0,1.0,0.0,4.318206404646237,423.81085205078125
3770.0,1.1027711927890778,1.2077163338661194,0.19921875,0.19921875,0.134765625,0.146484375,0.00040340230106964347,1.0,1.0,0.0,4.318206404646237,423.81085205078125
3780.0,1.1386191621422768,1.2077163338661194,0.1767578125,0.1767578125,0.09033203125,0.15234375,0.0004022678797071627,1.0,1.0,0.0,4.318206404646237,423.81085205078125
3790.0,1.090662807226181,1.2077163338661194,0.2158203125,0.2158203125,0.1591796875,0.1455078125,0.00040113208246842413,1.0,1.0,0.0,4.318206404646237,423.81085205078125
3800.0,1.1149086132645607,1.2077163338661194,0.265625,0.265625,0.21875,0.150390625,0.00039999493097737004,1.0,1.0,0.0,4.318206404646237,423.81085205078125
3810.0,1.1000176332890987,1.2077163338661194,0.306640625,0.306640625,0.271484375,0.142578125,0.00039885644688372567,1.0,1.0,0.0,4.318206404646237,423.81085205078125
3820.0,1.085326187312603,1.2077163338661194,0.255859375,0.255859375,0.2099609375,0.1455078125,0.0003977166518625871,1.0,1.0,0.0,4.318206404646237,423.81085205078125
3830.0,1.107208114117384,1.2077163338661194,0.4921875,0.4921875,0.46875,0.1484375,0.00039657556761400845,1.0,1.0,0.0,4.318206404646237,423.81085205078125
3840.0,1.0944239050149918,1.2077163338661194,0.279296875,0.279296875,0.2373046875,0.1494140625,0.00039543321586258914,1.0,1.0,0.0,4.318206404646237,423.81085205078125
3850.0,1.1088099032640457,1.2077163338661194,0.19140625,0.19140625,0.1259765625,0.14453125,0.0003942896183570596,1.0,1.0,0.0,4.318206404646237,423.81085205078125
3860.0,1.1141465529799461,1.2077163338661194,0.205078125,0.205078125,0.1396484375,0.1494140625,0.0003931447968698682,1.0,1.0,0.0,4.318206404646237,423.81085205078125
3870.0,1.0892608277499676,1.2077163338661194,0.2080078125,0.2080078125,0.1455078125,0.1484375,0.0003919987731967656,1.0,1.0,0.0,4.318206404646237,423.81085205078125
3880.0,1.1247981190681458,1.2077163338661194,0.2197265625,0.2197265625,0.162109375,0.1484375,0.0003908515691563906,1.0,1.0,0.0,4.318206404646237,423.81085205078125
3890.0,1.0952575728297234,1.2077163338661194,0.1962890625,0.1962890625,0.1298828125,0.1474609375,0.0003897032065898546,1.0,1.0,0.0,4.318206404646237,423.81085205078125
3900.0,1.0988567620515823,1.2077163338661194,0.251953125,0.251953125,0.197265625,0.1572265625,0.0003885537073603254,1.0,1.0,0.0,4.318206404646237,423.81085205078125
3910.0,1.078508760780096,1.2077163338661194,0.189453125,0.189453125,0.11865234375,0.1474609375,0.00038740309335261137,1.0,1.0,0.0,4.318206404646237,423.81085205078125
3920.0,1.0952286943793297,1.2077163338661194,0.21484375,0.21484375,0.1552734375,0.1484375,0.0003862513864727447,1.0,1.0,0.0,4.318206404646237,423.81085205078125
3930.0,1.0452000685036182,1.2077163338661194,0.287109375,0.287109375,0.248046875,0.14453125,0.0003850986086475643,1.0,1.0,0.0,4.318206404646237,423.81085205078125
3940.0,1.1203949488699436,1.2077163338661194,0.1982421875,0.1982421875,0.1318359375,0.1484375,0.0003839447818242981,1.0,1.0,0.0,4.318206404646237,423.81085205078125
3950.0,1.08982402831316,1.2077163338661194,0.2158203125,0.2158203125,0.1572265625,0.1474609375,0.0003827899279701457,1.0,1.0,0.0,4.318206404646237,423.81085205078125
3960.0,1.100938592106104,1.2077163338661194,0.2060546875,0.2060546875,0.138671875,0.15234375,0.0003816340690718599,1.0,1.0,0.0,4.318206404646237,423.81085205078125
3970.0,1.1117613092064857,1.2077163338661194,0.2314453125,0.2314453125,0.177734375,0.1484375,0.00038047722713532763,1.0,1.0,0.0,4.318206404646237,423.81085205078125
3980.0,1.1097215935587883,1.2077163338661194,0.224609375,0.224609375,0.166015625,0.1513671875,0.00037931942418515226,1.0,1.0,0.0,4.318206404646237,423.81085205078125
3990.0,1.0886360555887222,1.2077163338661194,0.21875,0.21875,0.16015625,0.1494140625,0.0003781606822642328,1.0,1.0,0.0,4.318206404646237,423.81085205078125
4000.0,1.1182418763637543,1.1183458757400513,0.216796875,0.216796875,0.158203125,0.1484375,0.0003770010234333452,1.0,1.0,0.0,4.2551658401886625,438.2055969238281
4010.0,1.1374922320246696,1.1183458757400513,0.251953125,0.251953125,0.2021484375,0.1494140625,0.00037584046977072184,1.0,1.0,0.0,4.2551658401886625,438.2055969238281
4020.0,1.100808311253786,1.1183458757400513,0.2333984375,0.2333984375,0.181640625,0.146484375,0.0003746790433716317,1.0,1.0,0.0,4.2551658401886625,438.2055969238281
4030.0,1.129143700003624,1.1183458757400513,0.201171875,0.201171875,0.134765625,0.1494140625,0.0003735167663479592,1.0,1.0,0.0,4.2551658401886625,438.2055969238281
4040.0,1.0767951384186745,1.1183458757400513,0.25390625,0.25390625,0.208984375,0.1455078125,0.00037235366082778357,1.0,1.0,0.0,4.2551658401886625,438.2055969238281
4050.0,1.1118893958628178,1.1183458757400513,0.3515625,0.3515625,0.318359375,0.1484375,0.0003711897489549572,1.0,1.0,0.0,4.2551658401886625,438.2055969238281
4060.0,1.086011566221714,1.1183458757400513,0.2236328125,0.2236328125,0.169921875,0.14453125,0.00037002505288868454,1.0,1.0,0.0,4.2551658401886625,438.2055969238281
4070.0,1.0969396717846394,1.1183458757400513,0.271484375,0.271484375,0.2294921875,0.146484375,0.00036885959480309976,1.0,1.0,0.0,4.2551658401886625,438.2055969238281
4080.0,1.0728608407080173,1.1183458757400513,0.181640625,0.181640625,0.109375,0.1455078125,0.0003676933968868447,1.0,1.0,0.0,4.2551658401886625,438.2055969238281
4090.0,1.1113073453307152,1.1183458757400513,0.306640625,0.306640625,0.267578125,0.1513671875,0.00036652648134264683,1.0,1.0,0.0,4.2551658401886625,438.2055969238281
4100.0,1.0818961262702942,1.1183458757400513,0.21484375,0.21484375,0.1572265625,0.1474609375,0.00036535887038689606,1.0,1.0,0.0,4.2551658401886625,438.2055969238281
4110.0,1.1155838444828987,1.1183458757400513,0.298828125,0.298828125,0.259765625,0.1474609375,0.00036419058624922177,1.0,1.0,0.0,4.2551658401886625,438.2055969238281
4120.0,1.0715778432786465,1.1183458757400513,0.2578125,0.2578125,0.2109375,0.1484375,0.00036302165117207,1.0,1.0,0.0,4.2551658401886625,438.2055969238281
4130.0,1.09964594617486,1.1183458757400513,0.1708984375,0.1708984375,0.08984375,0.1455078125,0.00036185208741027955,1.0,1.0,0.0,4.2551658401886625,438.2055969238281
4140.0,1.0938152261078358,1.1183458757400513,0.369140625,0.369140625,0.337890625,0.1494140625,0.0003606819172306587,1.0,1.0,0.0,4.2551658401886625,438.2055969238281
4150.0,1.0696876496076584,1.1183458757400513,0.359375,0.359375,0.326171875,0.150390625,0.00035951116291156073,1.0,1.0,0.0,4.2551658401886625,438.2055969238281
4160.0,1.0649449080228806,1.1183458757400513,0.416015625,0.416015625,0.388671875,0.1484375,0.0003583398467424604,1.0,1.0,0.0,4.2551658401886625,438.2055969238281
4170.0,1.1118723675608635,1.1183458757400513,0.1845703125,0.1845703125,0.10888671875,0.1494140625,0.00035716799102352906,1.0,1.0,0.0,4.2551658401886625,438.2055969238281
4180.0,1.142617791891098,1.1183458757400513,0.2373046875,0.2373046875,0.185546875,0.1474609375,0.0003559956180652104,1.0,1.0,0.0,4.2551658401886625,438.2055969238281
4190.0,1.108652874827385,1.1183458757400513,0.29296875,0.29296875,0.25390625,0.146484375,0.00035482275018779564,1.0,1.0,0.0,4.2551658401886625,438.2055969238281
4200.0,1.0841009467840195,1.1183458757400513,0.23828125,0.23828125,0.1865234375,0.1484375,0.00035364940972099865,1.0,1.0,0.0,4.2551658401886625,438.2055969238281
4210.0,1.0896823108196259,1.1183458757400513,0.361328125,0.361328125,0.330078125,0.146484375,0.0003524756190035304,1.0,1.0,0.0,4.2551658401886625,438.2055969238281
4220.0,1.0964014381170273,1.1183458757400513,0.20703125,0.20703125,0.1484375,0.14453125,0.00035130140038267427,1.0,1.0,0.0,4.2551658401886625,438.2055969238281
4230.0,1.1170386746525764,1.1183458757400513,0.2197265625,0.2197265625,0.15625,0.154296875,0.00035012677621386014,1.0,1.0,0.0,4.2551658401886625,438.2055969238281
4240.0,1.0540077574551105,1.1183458757400513,0.1923828125,0.1923828125,0.1259765625,0.1455078125,0.00034895176886023905,1.0,1.0,0.0,4.2551658401886625,438.2055969238281
4250.0,1.0749271474778652,1.1183458757400513,0.185546875,0.185546875,0.11474609375,0.1455078125,0.0003477764006922572,1.0,1.0,0.0,4.2551658401886625,438.2055969238281
4260.0,1.082891535013914,1.1183458757400513,0.251953125,0.251953125,0.205078125,0.14453125,0.00034660069408723026,1.0,1.0,0.0,4.2551658401886625,438.2055969238281
4270.0,1.0790572240948677,1.1183458757400513,0.423828125,0.423828125,0.3984375,0.142578125,0.00034542467142891734,1.0,1.0,0.0,4.2551658401886625,438.2055969238281
4280.0,1.1173886321485043,1.1183458757400513,0.208984375,0.208984375,0.14453125,0.1513671875,0.0003442483551070946,1.0,1.0,0.0,4.2551658401886625,438.2055969238281
4290.0,1.0575585812330246,1.1183458757400513,0.2421875,0.2421875,0.1923828125,0.146484375,0.00034307176751712925,1.0,1.0,0.0,4.2551658401886625,438.2055969238281
4300.0,1.0956952571868896,1.1183458757400513,0.451171875,0.451171875,0.42578125,0.150390625,0.00034189493105955273,1.0,1.0,0.0,4.2551658401886625,438.2055969238281
4310.0,1.0910444632172585,1.1183458757400513,0.1748046875,0.1748046875,0.0927734375,0.1474609375,0.0003407178681396352,1.0,1.0,0.0,4.2551658401886625,438.2055969238281
4320.0,1.101478222757578,1.1183458757400513,0.236328125,0.236328125,0.1826171875,0.150390625,0.0003395406011669577,1.0,1.0,0.0,4.2551658401886625,438.2055969238281
4330.0,1.1202982440590858,1.1183458757400513,0.2490234375,0.2490234375,0.197265625,0.1513671875,0.00033836315255498644,1.0,1.0,0.0,4.2551658401886625,438.2055969238281
4340.0,1.0757116861641407,1.1183458757400513,0.23828125,0.23828125,0.189453125,0.1455078125,0.00033718554472064575,1.0,1.0,0.0,4.2551658401886625,438.2055969238281
4350.0,1.071754802018404,1.1183458757400513,0.283203125,0.283203125,0.2431640625,0.146484375,0.0003360078000838913,1.0,1.0,0.0,4.2551658401886625,438.2055969238281
4360.0,1.0984632968902588,1.1183458757400513,0.220703125,0.220703125,0.1640625,0.1484375,0.00033482994106728343,1.0,1.0,0.0,4.2551658401886625,438.2055969238281
4370.0,1.0794823803007603,1.1183458757400513,0.2041015625,0.2041015625,0.1416015625,0.146484375,0.00033365199009555976,1.0,1.0,0.0,4.2551658401886625,438.2055969238281
4380.0,1.0778319239616394,1.1183458757400513,0.1953125,0.1953125,0.1298828125,0.146484375,0.000332473969595209,1.0,1.0,0.0,4.2551658401886625,438.2055969238281
4390.0,1.0968890637159348,1.1183458757400513,0.265625,0.265625,0.2236328125,0.1455078125,0.00033129590199404316,1.0,1.0,0.0,4.2551658401886625,438.2055969238281
4400.0,1.109039030969143,1.1183458757400513,0.28125,0.28125,0.2373046875,0.150390625,0.0003301178097207714,1.0,1.0,0.0,4.2551658401886625,438.2055969238281
4410.0,1.1039514280855656,1.1183458757400513,0.2333984375,0.2333984375,0.1796875,0.1494140625,0.00032893971520457237,1.0,1.0,0.0,4.2551658401886625,438.2055969238281
4420.0,1.07552769780159,1.1183458757400513,0.296875,0.296875,0.2578125,0.150390625,0.00032776164087466744,1.0,1.0,0.0,4.2551658401886625,438.2055969238281
4430.0,1.0682227723300457,1.1183458757400513,0.2470703125,0.2470703125,0.19921875,0.146484375,0.00032658360915989383,1.0,1.0,0.0,4.2551658401886625,438.2055969238281
4440.0,1.0726279206573963,1.1183458757400513,0.25,0.25,0.201171875,0.1484375,0.00032540564248827717,1.0,1.0,0.0,4.2551658401886625,438.2055969238281
4450.0,1.0640463903546333,1.1183458757400513,0.37890625,0.37890625,0.34765625,0.15234375,0.0003242277632866049,1.0,1.0,0.0,4.2551658401886625,438.2055969238281
4460.0,1.0650918819010258,1.1183458757400513,0.3359375,0.3359375,0.30078125,0.1513671875,0.0003230499939799991,1.0,1.0,0.0,4.2551658401886625,438.2055969238281
4470.0,1.0883238017559052,1.1183458757400513,0.291015625,0.291015625,0.251953125,0.1474609375,0.00032187235699148966,1.0,1.0,0.0,4.2551658401886625,438.2055969238281
4480.0,1.0655659288167953,1.1183458757400513,0.240234375,0.240234375,0.19140625,0.1455078125,0.0003206948747415875,1.0,1.0,0.0,4.2551658401886625,438.2055969238281
4490.0,1.0906789302825928,1.1183458757400513,0.2099609375,0.2099609375,0.1484375,0.1484375,0.00031951756964785705,1.0,1.0,0.0,4.2551658401886625,438.2055969238281
4500.0,1.0716795176267624,1.1183458757400513,0.216796875,0.216796875,0.1591796875,0.1474609375,0.00031834046412449054,1.0,1.0,0.0,4.2551658401886625,438.2055969238281
4510.0,1.0582995750010014,1.1183458757400513,0.216796875,0.216796875,0.15625,0.1513671875,0.0003171635805818802,1.0,1.0,0.0,4.2551658401886625,438.2055969238281
4520.0,1.0687297247350216,1.1183458757400513,0.26171875,0.26171875,0.2177734375,0.146484375,0.0003159869414261923,1.0,1.0,0.0,4.2551658401886625,438.2055969238281
4530.0,1.0453145392239094,1.1183458757400513,0.193359375,0.193359375,0.1220703125,0.150390625,0.00031481056905894027,1.0,1.0,0.0,4.2551658401886625,438.2055969238281
4540.0,1.0454407036304474,1.1183458757400513,0.193359375,0.193359375,0.1298828125,0.1435546875,0.00031363448587655825,1.0,1.0,0.0,4.2551658401886625,438.2055969238281
4550.0,1.054145883768797,1.1183458757400513,0.2490234375,0.2490234375,0.203125,0.1435546875,0.0003124587142699747,1.0,1.0,0.0,4.2551658401886625,438.2055969238281
4560.0,1.0515417717397213,1.1183458757400513,0.169921875,0.169921875,0.0947265625,0.1416015625,0.00031128327662418627,1.0,1.0,0.0,4.2551658401886625,438.2055969238281
4570.0,1.100101713091135,1.1183458757400513,0.248046875,0.248046875,0.1982421875,0.1484375,0.00031010819531783137,1.0,1.0,0.0,4.2551658401886625,438.2055969238281
4580.0,1.0662348866462708,1.1183458757400513,0.2265625,0.2265625,0.171875,0.146484375,0.0003089334927227642,1.0,1.0,0.0,4.2551658401886625,438.2055969238281
4590.0,1.0452001802623272,1.1183458757400513,0.435546875,0.435546875,0.41015625,0.1474609375,0.00030775919120362884,1.0,1.0,0.0,4.2551658401886625,438.2055969238281
4600.0,1.059593990445137,1.1183458757400513,0.1962890625,0.1962890625,0.1279296875,0.1484375,0.00030658531311743357,1.0,1.0,0.0,4.2551658401886625,438.2055969238281
4610.0,1.088900275528431,1.1183458757400513,0.1875,0.1875,0.11279296875,0.150390625,0.00030541188081312497,1.0,1.0,0.0,4.2551658401886625,438.2055969238281
4620.0,1.0422231443226337,1.1183458757400513,0.18359375,0.18359375,0.10546875,0.1494140625,0.00030423891663116265,1.0,1.0,0.0,4.2551658401886625,438.2055969238281
4630.0,1.047055710107088,1.1183458757400513,0.2216796875,0.2216796875,0.169921875,0.142578125,0.00030306644290309387,1.0,1.0,0.0,4.2551658401886625,438.2055969238281
4640.0,1.0963387414813042,1.1183458757400513,0.197265625,0.197265625,0.1298828125,0.1484375,0.00030189448195112835,1.0,1.0,0.0,4.2551658401886625,438.2055969238281
4650.0,1.0469532273709774,1.1183458757400513,0.22265625,0.22265625,0.169921875,0.14453125,0.0003007230560877133,1.0,1.0,0.0,4.2551658401886625,438.2055969238281
4660.0,1.0455871559679508,1.1183458757400513,0.208984375,0.208984375,0.15234375,0.142578125,0.0002995521876151085,1.0,1.0,0.0,4.2551658401886625,438.2055969238281
4670.0,1.0599841177463531,1.1183458757400513,0.2138671875,0.2138671875,0.1572265625,0.14453125,0.00029838189882496185,1.0,1.0,0.0,4.2551658401886625,438.2055969238281
4680.0,1.0689266733825207,1.1183458757400513,0.57421875,0.57421875,0.55078125,0.1513671875,0.0002972122119978852,1.0,1.0,0.0,4.2551658401886625,438.2055969238281
4690.0,1.03791955858469,1.1183458757400513,0.369140625,0.369140625,0.33984375,0.146484375,0.0002960431494030294,1.0,1.0,0.0,4.2551658401886625,438.2055969238281
4700.0,1.0274236612021923,1.1183458757400513,0.427734375,0.427734375,0.40234375,0.1474609375,0.0002948747332976612,1.0,1.0,0.0,4.2551658401886625,438.2055969238281
4710.0,1.0786971524357796,1.1183458757400513,0.189453125,0.189453125,0.1171875,0.1484375,0.00029370698592673914,1.0,1.0,0.0,4.2551658401886625,438.2055969238281
4720.0,1.0948160775005817,1.1183458757400513,0.2353515625,0.2353515625,0.1806640625,0.1513671875,0.00029253992952248966,1.0,1.0,0.0,4.2551658401886625,438.2055969238281
4730.0,1.039960015565157,1.1183458757400513,0.279296875,0.279296875,0.2412109375,0.1416015625,0.0002913735863039847,1.0,1.0,0.0,4.2551658401886625,438.2055969238281
4740.0,1.0468407571315765,1.1183458757400513,0.17578125,0.17578125,0.1005859375,0.14453125,0.00029020797847671763,1.0,1.0,0.0,4.2551658401886625,438.2055969238281
4750.0,1.0901763811707497,1.1183458757400513,0.2421875,0.2421875,0.193359375,0.146484375,0.0002890431282321815,1.0,1.0,0.0,4.2551658401886625,438.2055969238281
4760.0,1.0241975747048855,1.1183458757400513,0.1845703125,0.1845703125,0.11083984375,0.1474609375,0.0002878790577474457,1.0,1.0,0.0,4.2551658401886625,438.2055969238281
4770.0,1.0734634101390839,1.1183458757400513,0.376953125,0.376953125,0.34765625,0.14453125,0.0002867157891847344,1.0,1.0,0.0,4.2551658401886625,438.2055969238281
4780.0,1.0802857503294945,1.1183458757400513,0.1767578125,0.1767578125,0.099609375,0.1455078125,0.00028555334469100406,1.0,1.0,0.0,4.2551658401886625,438.2055969238281
4790.0,1.0684605240821838,1.1183458757400513,0.2001953125,0.2001953125,0.1357421875,0.1474609375,0.0002843917463975224,1.0,1.0,0.0,4.2551658401886625,438.2055969238281
4800.0,1.0125445649027824,1.1183458757400513,0.2138671875,0.2138671875,0.1572265625,0.14453125,0.0002832310164194465,1.0,1.0,0.0,4.2551658401886625,438.2055969238281
4810.0,1.0656153969466686,1.1183458757400513,0.26171875,0.26171875,0.2158203125,0.1474609375,0.0002820711768554019,1.0,1.0,0.0,4.2551658401886625,438.2055969238281
4820.0,1.047961488366127,1.1183458757400513,0.2060546875,0.2060546875,0.1435546875,0.1474609375,0.00028091224978706204,1.0,1.0,0.0,4.2551658401886625,438.2055969238281
4830.0,1.03898062184453,1.1183458757400513,0.2080078125,0.2080078125,0.1484375,0.1455078125,0.0002797542572787278,1.0,1.0,0.0,4.2551658401886625,438.2055969238281
4840.0,1.028901994228363,1.1183458757400513,0.22265625,0.22265625,0.1689453125,0.14453125,0.00027859722137690726,1.0,1.0,0.0,4.2551658401886625,438.2055969238281
4850.0,1.0594663508236408,1.1183458757400513,0.1787109375,0.1787109375,0.10400390625,0.14453125,0.0002774411641098962,1.0,1.0,0.0,4.2551658401886625,438.2055969238281
4860.0,1.0730001032352448,1.1183458757400513,0.21484375,0.21484375,0.1552734375,0.1484375,0.0002762861074873586,1.0,1.0,0.0,4.2551658401886625,438.2055969238281
4870.0,1.018680151551962,1.1183458757400513,0.337890625,0.337890625,0.306640625,0.14453125,0.00027513207349990753,1.0,1.0,0.0,4.2551658401886625,438.2055969238281
4880.0,1.0678331181406975,1.1183458757400513,0.1904296875,0.1904296875,0.1220703125,0.146484375,0.00027397908411868656,1.0,1.0,0.0,4.2551658401886625,438.2055969238281
4890.0,1.0917747057974339,1.1183458757400513,0.28515625,0.28515625,0.2431640625,0.146484375,0.0002728271612949516,1.0,1.0,0.0,4.2551658401886625,438.2055969238281
4900.0,1.0292427651584148,1.1183458757400513,0.21875,0.21875,0.158203125,0.1513671875,0.0002716763269596527,1.0,1.0,0.0,4.2551658401886625,438.2055969238281
4910.0,1.0487036556005478,1.1183458757400513,0.298828125,0.298828125,0.26171875,0.142578125,0.0002705266030230167,1.0,1.0,0.0,4.2551658401886625,438.2055969238281
4920.0,1.0128621757030487,1.1183458757400513,0.26171875,0.26171875,0.2197265625,0.1435546875,0.00026937801137412996,1.0,1.0,0.0,4.2551658401886625,438.2055969238281
4930.0,1.051400139927864,1.1183458757400513,0.177734375,0.177734375,0.10302734375,0.1455078125,0.00026823057388052215,1.0,1.0,0.0,4.2551658401886625,438.2055969238281
4940.0,1.0668673180043697,1.1183458757400513,0.39453125,0.39453125,0.3671875,0.1455078125,0.0002670843123877488,1.0,1.0,0.0,4.2551658401886625,438.2055969238281
4950.0,1.0588271096348763,1.1183458757400513,0.390625,0.390625,0.36328125,0.1474609375,0.00026593924871897665,1.0,1.0,0.0,4.2551658401886625,438.2055969238281
4960.0,1.01065868511796,1.1183458757400513,0.25390625,0.25390625,0.2080078125,0.14453125,0.0002647954046745673,1.0,1.0,0.0,4.2551658401886625,438.2055969238281
4970.0,1.02916544303298,1.1183458757400513,0.1875,0.1875,0.1201171875,0.1435546875,0.00026365280203166256,1.0,1.0,0.0,4.2551658401886625,438.2055969238281
4980.0,1.0880242586135864,1.1183458757400513,0.314453125,0.314453125,0.27734375,0.1474609375,0.0002625114625437697,1.0,1.0,0.0,4.2551658401886625,438.2055969238281
4990.0,1.0370457358658314,1.1183458757400513,0.2236328125,0.2236328125,0.16796875,0.1474609375,0.0002613714079403474,1.0,1.0,0.0,4.2551658401886625,438.2055969238281
5000.0,1.056735247373581,1.085288462638855,0.32421875,0.32421875,0.2890625,0.1494140625,0.00026023265992639196,1.0,1.0,0.0,4.16573807100455,440.1729736328125
5010.0,1.0250825509428978,1.085288462638855,0.2353515625,0.2353515625,0.1865234375,0.1435546875,0.0002590952401820239,1.0,1.0,0.0,4.16573807100455,440.1729736328125
5020.0,1.0287967808544636,1.085288462638855,0.26171875,0.26171875,0.21875,0.1455078125,0.0002579591703620759,1.0,1.0,0.0,4.16573807100455,440.1729736328125
5030.0,1.028918407857418,1.085288462638855,0.2353515625,0.2353515625,0.1875,0.142578125,0.00025682447209567956,1.0,1.0,0.0,4.16573807100455,440.1729736328125
5040.0,1.0724546760320663,1.085288462638855,0.2236328125,0.2236328125,0.162109375,0.154296875,0.00025569116698585424,1.0,1.0,0.0,4.16573807100455,440.1729736328125
5050.0,1.0282678343355656,1.085288462638855,0.27734375,0.27734375,0.2373046875,0.14453125,0.00025455927660909567,1.0,1.0,0.0,4.16573807100455,440.1729736328125
5060.0,1.0626187808811665,1.085288462638855,0.41796875,0.41796875,0.390625,0.1474609375,0.00025342882251496503,1.0,1.0,0.0,4.16573807100455,440.1729736328125
5070.0,1.088665433228016,1.085288462638855,0.2060546875,0.2060546875,0.142578125,0.1494140625,0.0002522998262256787,1.0,1.0,0.0,4.16573807100455,440.1729736328125
5080.0,1.0202787667512894,1.085288462638855,0.2265625,0.2265625,0.17578125,0.1435546875,0.0002511723092356986,1.0,1.0,0.0,4.16573807100455,440.1729736328125
5090.0,1.0612201914191246,1.085288462638855,0.2041015625,0.2041015625,0.1435546875,0.1455078125,0.000250046293011323,1.0,1.0,0.0,4.16573807100455,440.1729736328125
5100.0,1.0457155816257,1.085288462638855,0.22265625,0.22265625,0.1689453125,0.14453125,0.00024892179899027773,1.0,1.0,0.0,4.16573807100455,440.1729736328125
5110.0,1.0389096699655056,1.085288462638855,0.2001953125,0.2001953125,0.1337890625,0.1484375,0.0002477988485813079,1.0,1.0,0.0,4.16573807100455,440.1729736328125
5120.0,1.0782848186790943,1.085288462638855,0.224609375,0.224609375,0.171875,0.14453125,0.00024667746316377073,1.0,1.0,0.0,4.16573807100455,440.1729736328125
5130.0,1.0373952649533749,1.085288462638855,0.234375,0.234375,0.18359375,0.14453125,0.0002455576640872281,1.0,1.0,0.0,4.16573807100455,440.1729736328125
5140.0,1.0605703331530094,1.085288462638855,0.1806640625,0.1806640625,0.10205078125,0.1484375,0.0002444394726710401,1.0,1.0,0.0,4.16573807100455,440.1729736328125
5150.0,1.068417713046074,1.085288462638855,0.259765625,0.259765625,0.212890625,0.1474609375,0.00024332291020395965,1.0,1.0,0.0,4.16573807100455,440.1729736328125
5160.0,1.0360350497066975,1.085288462638855,0.1875,0.1875,0.11669921875,0.146484375,0.00024220799794372663,1.0,1.0,0.0,4.16573807100455,440.1729736328125
5170.0,1.0405095256865025,1.085288462638855,0.228515625,0.228515625,0.17578125,0.146484375,0.00024109475711666325,1.0,1.0,0.0,4.16573807100455,440.1729736328125
5180.0,1.024128369987011,1.085288462638855,0.345703125,0.345703125,0.314453125,0.1435546875,0.00023998320891727027,1.0,1.0,0.0,4.16573807100455,440.1729736328125
5190.0,1.0090002417564392,1.085288462638855,0.2216796875,0.2216796875,0.1689453125,0.142578125,0.00023887337450782312,1.0,1.0,0.0,4.16573807100455,440.1729736328125
5200.0,1.0324324071407318,1.085288462638855,0.1796875,0.1796875,0.107421875,0.1435546875,0.00023776527501796912,1.0,1.0,0.0,4.16573807100455,440.1729736328125
5210.0,1.0676413364708424,1.085288462638855,0.22265625,0.22265625,0.16796875,0.1455078125,0.00023665893154432532,1.0,1.0,0.0,4.16573807100455,440.1729736328125
5220.0,1.0496768578886986,1.085288462638855,0.1904296875,0.1904296875,0.126953125,0.142578125,0.0002355543651500766,1.0,1.0,0.0,4.16573807100455,440.1729736328125
5230.0,1.0275632552802563,1.085288462638855,0.2060546875,0.2060546875,0.1455078125,0.146484375,0.00023445159686457499,1.0,1.0,0.0,4.16573807100455,440.1729736328125
5240.0,1.0493946000933647,1.085288462638855,0.2431640625,0.2431640625,0.1875,0.154296875,0.00023335064768293903,1.0,1.0,0.0,4.16573807100455,440.1729736328125
5250.0,1.0450940988957882,1.085288462638855,0.1728515625,0.1728515625,0.08837890625,0.1484375,0.00023225153856565415,1.0,1.0,0.0,4.16573807100455,440.1729736328125
5260.0,1.0480476953089237,1.085288462638855,0.2490234375,0.2490234375,0.201171875,0.1474609375,0.0002311542904381736,1.0,1.0,0.0,4.16573807100455,440.1729736328125
5270.0,1.0449149310588837,1.085288462638855,0.2177734375,0.2177734375,0.1611328125,0.146484375,0.0002300589241905201,1.0,1.0,0.0,4.16573807100455,440.1729736328125
5280.0,1.0358394794166088,1.085288462638855,0.2197265625,0.2197265625,0.1640625,0.146484375,0.00022896546067688805,1.0,1.0,0.0,4.16573807100455,440.1729736328125
5290.0,1.0271025337278843,1.085288462638855,0.193359375,0.193359375,0.12451171875,0.1484375,0.00022787392071524655,1.0,1.0,0.0,4.16573807100455,440.1729736328125
5300.0,1.0356192998588085,1.085288462638855,0.208984375,0.208984375,0.142578125,0.15234375,0.000226784325086943,1.0,1.0,0.0,4.16573807100455,440.1729736328125
5310.0,1.0338654108345509,1.085288462638855,0.390625,0.390625,0.361328125,0.1494140625,0.00022569669453630767,1.0,1.0,0.0,4.16573807100455,440.1729736328125
5320.0,1.015618309378624,1.085288462638855,0.2109375,0.2109375,0.15234375,0.14453125,0.00022461104977025838,1.0,1.0,0.0,4.16573807100455,440.1729736328125
5330.0,1.0553965494036674,1.085288462638855,0.259765625,0.259765625,0.2177734375,0.1435546875,0.00022352741145790657,1.0,1.0,0.0,4.16573807100455,440.1729736328125
5340.0,1.083712138235569,1.085288462638855,0.2412109375,0.2412109375,0.1904296875,0.1484375,0.00022244580023016367,1.0,1.0,0.0,4.16573807100455,440.1729736328125
5350.0,1.0408930778503418,1.085288462638855,0.255859375,0.255859375,0.2099609375,0.1474609375,0.00022136623667934834,1.0,1.0,0.0,4.16573807100455,440.1729736328125
5360.0,1.0567761100828648,1.085288462638855,0.337890625,0.337890625,0.302734375,0.1474609375,0.0002202887413587944,1.0,1.0,0.0,4.16573807100455,440.1729736328125
5370.0,1.0227268524467945,1.085288462638855,0.279296875,0.279296875,0.2392578125,0.1435546875,0.00021921333478245957,1.0,1.0,0.0,4.16573807100455,440.1729736328125
5380.0,0.991041474044323,1.085288462638855,0.310546875,0.310546875,0.275390625,0.142578125,0.00021814003742453506,1.0,1.0,0.0,4.16573807100455,440.1729736328125
5390.0,1.0495496802031994,1.085288462638855,0.19921875,0.19921875,0.134765625,0.146484375,0.00021706886971905524,1.0,1.0,0.0,4.16573807100455,440.1729736328125
5400.0,1.022582545876503,1.085288462638855,0.19921875,0.19921875,0.134765625,0.1474609375,0.00021599985205950932,1.0,1.0,0.0,4.16573807100455,440.1729736328125
5410.0,1.0380689576268196,1.085288462638855,0.20703125,0.20703125,0.1474609375,0.1455078125,0.00021493300479845243,1.0,1.0,0.0,4.16573807100455,440.1729736328125
5420.0,1.0446335561573505,1.085288462638855,0.1884765625,0.1884765625,0.119140625,0.146484375,0.0002138683482471188,1.0,1.0,0.0,4.16573807100455,440.1729736328125
5430.0,1.0146415941417217,1.085288462638855,0.1953125,0.1953125,0.12890625,0.1474609375,0.00021280590267503424,1.0,1.0,0.0,4.16573807100455,440.1729736328125
5440.0,1.0266336426138878,1.085288462638855,0.298828125,0.298828125,0.26171875,0.1474609375,0.00021174568830963113,1.0,1.0,0.0,4.16573807100455,440.1729736328125
5450.0,1.0261491611599922,1.085288462638855,0.2001953125,0.2001953125,0.1376953125,0.1455078125,0.00021068772533586275,1.0,1.0,0.0,4.16573807100455,440.1729736328125
5460.0,0.9993129819631577,1.085288462638855,0.21484375,0.21484375,0.16015625,0.14453125,0.00020963203389581895,1.0,1.0,0.0,4.16573807100455,440.1729736328125
5470.0,1.0196119472384453,1.085288462638855,0.310546875,0.310546875,0.2734375,0.1474609375,0.00020857863408834317,1.0,1.0,0.0,4.16573807100455,440.1729736328125
5480.0,1.005620013922453,1.085288462638855,0.2353515625,0.2353515625,0.1826171875,0.1474609375,0.00020752754596864916,1.0,1.0,0.0,4.16573807100455,440.1729736328125
5490.0,1.0145574808120728,1.085288462638855,0.1943359375,0.1943359375,0.1298828125,0.14453125,0.00020647878954793963,1.0,1.0,0.0,4.16573807100455,440.1729736328125
5500.0,1.01346081122756,1.085288462638855,0.197265625,0.197265625,0.134765625,0.14453125,0.0002054323847930252,1.0,1.0,0.0,4.16573807100455,440.1729736328125
5510.0,1.005028698593378,1.085288462638855,0.1923828125,0.1923828125,0.1279296875,0.14453125,0.0002043883516259439,1.0,1.0,0.0,4.16573807100455,440.1729736328125
5520.0,1.0099138133227825,1.085288462638855,0.291015625,0.291015625,0.25390625,0.14453125,0.00020334670992358246,1.0,1.0,0.0,4.16573807100455,440.1729736328125
5530.0,1.0162536539137363,1.085288462638855,0.228515625,0.228515625,0.1767578125,0.14453125,0.0002023074795172971,1.0,1.0,0.0,4.16573807100455,440.1729736328125
5540.0,1.0275707766413689,1.085288462638855,0.212890625,0.212890625,0.15234375,0.1484375,0.0002012706801925371,1.0,1.0,0.0,4.16573807100455,440.1729736328125
5550.0,1.0264698043465614,1.085288462638855,0.224609375,0.224609375,0.171875,0.14453125,0.0002002363316884668,1.0,1.0,0.0,4.16573807100455,440.1729736328125
5560.0,1.0158695802092552,1.085288462638855,0.224609375,0.224609375,0.1728515625,0.14453125,0.00019920445369759083,1.0,1.0,0.0,4.16573807100455,440.1729736328125
5570.0,1.0098838731646538,1.085288462638855,0.2255859375,0.2255859375,0.169921875,0.1474609375,0.00019817506586537886,1.0,1.0,0.0,4.16573807100455,440.1729736328125
5580.0,1.0063699446618557,1.085288462638855,0.19140625,0.19140625,0.12353515625,0.1455078125,0.00019714818778989116,1.0,1.0,0.0,4.16573807100455,440.1729736328125
5590.0,1.049540389329195,1.085288462638855,0.3046875,0.3046875,0.267578125,0.1455078125,0.0001961238390214063,1.0,1.0,0.0,4.16573807100455,440.1729736328125
5600.0,0.9975261315703392,1.085288462638855,0.361328125,0.361328125,0.330078125,0.1455078125,0.00019510203906204787,1.0,1.0,0.0,4.16573807100455,440.1729736328125
5610.0,0.9847236424684525,1.085288462638855,0.1875,0.1875,0.1181640625,0.1455078125,0.00019408280736541475,1.0,1.0,0.0,4.16573807100455,440.1729736328125
5620.0,0.9975366815924644,1.085288462638855,0.3359375,0.3359375,0.302734375,0.1455078125,0.00019306616333620883,1.0,1.0,0.0,4.16573807100455,440.1729736328125
5630.0,1.0500116795301437,1.085288462638855,0.1884765625,0.1884765625,0.1181640625,0.1474609375,0.00019205212632986723,1.0,1.0,0.0,4.16573807100455,440.1729736328125
5640.0,0.9837526492774487,1.085288462638855,0.19921875,0.19921875,0.138671875,0.1435546875,0.00019104071565219263,1.0,1.0,0.0,4.16573807100455,440.1729736328125
5650.0,0.996799286454916,1.085288462638855,0.1904296875,0.1904296875,0.12109375,0.146484375,0.00019003195055898651,1.0,1.0,0.0,4.16573807100455,440.1729736328125
5660.0,1.0460187494754791,1.085288462638855,0.2294921875,0.2294921875,0.1767578125,0.146484375,0.00018902585025568227,1.0,1.0,0.0,4.16573807100455,440.1729736328125
5670.0,0.9826556965708733,1.085288462638855,0.2001953125,0.2001953125,0.1376953125,0.14453125,0.00018802243389697915,1.0,1.0,0.0,4.16573807100455,440.1729736328125
5680.0,0.9317752234637737,1.085288462638855,0.287109375,0.287109375,0.25,0.1416015625,0.0001870217205864785,1.0,1.0,0.0,4.16573807100455,440.1729736328125
5690.0,1.0024022981524467,1.085288462638855,0.2138671875,0.2138671875,0.1572265625,0.146484375,0.00018602372937631906,1.0,1.0,0.0,4.16573807100455,440.1729736328125
5700.0,1.0195183642208576,1.085288462638855,0.197265625,0.197265625,0.1298828125,0.1474609375,0.00018502847926681504,1.0,1.0,0.0,4.16573807100455,440.1729736328125
5710.0,1.0179391652345657,1.085288462638855,0.28125,0.28125,0.2412109375,0.146484375,0.00018403598920609373,1.0,1.0,0.0,4.16573807100455,440.1729736328125
5720.0,0.995941273868084,1.085288462638855,0.2021484375,0.2021484375,0.1396484375,0.146484375,0.00018304627808973537,1.0,1.0,0.0,4.16573807100455,440.1729736328125
5730.0,1.0302663370966911,1.085288462638855,0.19921875,0.19921875,0.1328125,0.1484375,0.00018205936476041302,1.0,1.0,0.0,4.16573807100455,440.1729736328125
5740.0,1.0197563394904137,1.085288462638855,0.1767578125,0.1767578125,0.095703125,0.1484375,0.0001810752680075337,1.0,1.0,0.0,4.16573807100455,440.1729736328125
5750.0,0.9851259142160416,1.085288462638855,0.326171875,0.326171875,0.291015625,0.146484375,0.00018009400656688126,1.0,1.0,0.0,4.16573807100455,440.1729736328125
5760.0,0.982272557914257,1.085288462638855,0.224609375,0.224609375,0.169921875,0.1474609375,0.00017911559912025887,1.0,1.0,0.0,4.16573807100455,440.1729736328125
5770.0,1.0233228504657745,1.085288462638855,0.2392578125,0.2392578125,0.1884765625,0.1474609375,0.00017814006429513408,1.0,1.0,0.0,4.16573807100455,440.1729736328125
5780.0,0.9838332310318947,1.085288462638855,0.2158203125,0.2158203125,0.162109375,0.142578125,0.00017716742066428367,1.0,1.0,0.0,4.16573807100455,440.1729736328125
5790.0,0.9956069588661194,1.085288462638855,0.27734375,0.27734375,0.234375,0.146484375,0.0001761976867454404,1.0,1.0,0.0,4.16573807100455,440.1729736328125
5800.0,1.0052531510591507,1.085288462638855,0.232421875,0.232421875,0.1796875,0.1474609375,0.0001752308810009403,1.0,1.0,0.0,4.16573807100455,440.1729736328125
5810.0,1.0255119763314724,1.085288462638855,0.34765625,0.34765625,0.3125,0.1513671875,0.00017426702183737097,1.0,1.0,0.0,4.16573807100455,440.1729736328125
5820.0,1.0174408741295338,1.085288462638855,0.1953125,0.1953125,0.1298828125,0.1455078125,0.0001733061276052216,1.0,1.0,0.0,4.16573807100455,440.1729736328125
5830.0,1.0143694765865803,1.085288462638855,0.1875,0.1875,0.1181640625,0.1455078125,0.00017234821659853334,1.0,1.0,0.0,4.16573807100455,440.1729736328125
5840.0,0.9617131762206554,1.085288462638855,0.19921875,0.19921875,0.1376953125,0.1435546875,0.0001713933070545509,1.0,1.0,0.0,4.16573807100455,440.1729736328125
5850.0,0.9879745431244373,1.085288462638855,0.220703125,0.220703125,0.1630859375,0.1494140625,0.00017044141715337544,1.0,1.0,0.0,4.16573807100455,440.1729736328125
5860.0,1.0183622054755688,1.085288462638855,0.2060546875,0.2060546875,0.140625,0.150390625,0.00016949256501761877,1.0,1.0,0.0,4.16573807100455,440.1729736328125
5870.0,0.9861089549958706,1.085288462638855,0.1923828125,0.1923828125,0.12353515625,0.1474609375,0.00016854676871205755,1.0,1.0,0.0,4.16573807100455,440.1729736328125
5880.0,0.9658000506460667,1.085288462638855,0.208984375,0.208984375,0.15234375,0.1435546875,0.0001676040462432902,1.0,1.0,0.0,4.16573807100455,440.1729736328125
5890.0,0.9768934026360512,1.085288462638855,0.224609375,0.224609375,0.171875,0.1435546875,0.00016666441555939382,1.0,1.0,0.0,4.16573807100455,440.1729736328125
5900.0,0.9960105307400227,1.085288462638855,0.25,0.25,0.2041015625,0.1435546875,0.00016572789454958185,1.0,1.0,0.0,4.16573807100455,440.1729736328125
5910.0,0.984144639223814,1.085288462638855,0.2080078125,0.2080078125,0.1455078125,0.1484375,0.00016479450104386466,1.0,1.0,0.0,4.16573807100455,440.1729736328125
5920.0,1.0221161469817162,1.085288462638855,0.248046875,0.248046875,0.1962890625,0.1513671875,0.00016386425281270887,1.0,1.0,0.0,4.16573807100455,440.1729736328125
5930.0,1.0308009199798107,1.085288462638855,0.232421875,0.232421875,0.1796875,0.1474609375,0.0001629371675667001,1.0,1.0,0.0,4.16573807100455,440.1729736328125
5940.0,1.0014090090990067,1.085288462638855,0.2119140625,0.2119140625,0.1533203125,0.1455078125,0.00016201326295620487,1.0,1.0,0.0,4.16573807100455,440.1729736328125
5950.0,0.9948698058724403,1.085288462638855,0.19921875,0.19921875,0.1376953125,0.1435546875,0.0001610925565710353,1.0,1.0,0.0,4.16573807100455,440.1729736328125
5960.0,1.0385308377444744,1.085288462638855,0.201171875,0.201171875,0.138671875,0.1455078125,0.00016017506594011386,1.0,1.0,0.0,4.16573807100455,440.1729736328125
5970.0,1.0046541541814804,1.085288462638855,0.251953125,0.251953125,0.203125,0.1474609375,0.0001592608085311395,1.0,1.0,0.0,4.16573807100455,440.1729736328125
5980.0,1.011232614517212,1.085288462638855,0.2119140625,0.2119140625,0.15625,0.1435546875,0.0001583498017502555,1.0,1.0,0.0,4.16573807100455,440.1729736328125
5990.0,0.9720665030181408,1.085288462638855,0.279296875,0.279296875,0.2373046875,0.146484375,0.00015744206294171764,1.0,1.0,0.0,4.16573807100455,440.1729736328125
6000.0,1.0227274000644684,1.0524405074119567,0.205078125,0.205078125,0.142578125,0.1474609375,0.00015653760938756458,1.0,1.0,0.0,4.316720396280289,401.07440185546875
6010.0,0.967417236417532,1.0524405074119567,0.2734375,0.2734375,0.234375,0.142578125,0.00015563645830728805,1.0,1.0,0.0,4.316720396280289,401.07440185546875
6020.0,0.9610854871571064,1.0524405074119567,0.28515625,0.28515625,0.248046875,0.140625,0.00015473862685750568,1.0,1.0,0.0,4.316720396280289,401.07440185546875
6030.0,1.0048812218010426,1.0524405074119567,0.20703125,0.20703125,0.146484375,0.1455078125,0.00015384413213163423,1.0,1.0,0.0,4.316720396280289,401.07440185546875
6040.0,0.9824721589684486,1.0524405074119567,0.400390625,0.400390625,0.373046875,0.14453125,0.0001529529911595637,1.0,1.0,0.0,4.316720396280289,401.07440185546875
6050.0,1.02054925262928,1.0524405074119567,0.310546875,0.310546875,0.2734375,0.1455078125,0.0001520652209073337,1.0,1.0,0.0,4.316720396280289,401.07440185546875
6060.0,0.975682932883501,1.0524405074119567,0.224609375,0.224609375,0.171875,0.14453125,0.00015118083827681014,1.0,1.0,0.0,4.316720396280289,401.07440185546875
6070.0,1.0027939788997173,1.0524405074119567,0.1669921875,0.1669921875,0.0791015625,0.1474609375,0.00015029986010536365,1.0,1.0,0.0,4.316720396280289,401.07440185546875
6080.0,0.9992520622909069,1.0524405074119567,0.19140625,0.19140625,0.125,0.1455078125,0.00014942230316554846,1.0,1.0,0.0,4.316720396280289,401.07440185546875
6090.0,1.0152738876640797,1.0524405074119567,0.1943359375,0.1943359375,0.12890625,0.1455078125,0.00014854818416478396,1.0,1.0,0.0,4.316720396280289,401.07440185546875
6100.0,0.9957493580877781,1.0524405074119567,0.1904296875,0.1904296875,0.12109375,0.1474609375,0.00014767751974503567,1.0,1.0,0.0,4.316720396280289,401.07440185546875
6110.0,1.0074095539748669,1.0524405074119567,0.201171875,0.201171875,0.138671875,0.1455078125,0.00014681032648249928,1.0,1.0,0.0,4.316720396280289,401.07440185546875
6120.0,1.0050136409699917,1.0524405074119567,0.1875,0.1875,0.12060546875,0.1435546875,0.0001459466208872845,1.0,1.0,0.0,4.316720396280289,401.07440185546875
6130.0,0.9692680388689041,1.0524405074119567,0.255859375,0.255859375,0.2099609375,0.14453125,0.00014508641940310074,1.0,1.0,0.0,4.316720396280289,401.07440185546875
6140.0,0.9972870424389839,1.0524405074119567,0.1962890625,0.1962890625,0.12890625,0.1474609375,0.00014422973840694443,1.0,1.0,0.0,4.316720396280289,401.07440185546875
6150.0,0.9644784443080425,1.0524405074119567,0.21875,0.21875,0.1630859375,0.1455078125,0.00014337659420878666,1.0,1.0,0.0,4.316720396280289,401.07440185546875
6160.0,1.014310572296381,1.0524405074119567,0.203125,0.203125,0.1416015625,0.14453125,0.00014252700305126344,1.0,1.0,0.0,4.316720396280289,401.07440185546875
6170.0,1.0130239017307758,1.0524405074119567,0.1943359375,0.1943359375,0.1298828125,0.14453125,0.0001416809811093655,1.0,1.0,0.0,4.316720396280289,401.07440185546875
6180.0,0.9701787680387497,1.0524405074119567,0.205078125,0.205078125,0.140625,0.1494140625,0.00014083854449013121,1.0,1.0,0.0,4.316720396280289,401.07440185546875
6190.0,0.9880119077861309,1.0524405074119567,0.26953125,0.26953125,0.2236328125,0.1484375,0.0001399997092323396,1.0,1.0,0.0,4.316720396280289,401.07440185546875
6200.0,0.9641607105731964,1.0524405074119567,0.232421875,0.232421875,0.18359375,0.1435546875,0.00013916449130620454,1.0,1.0,0.0,4.316720396280289,401.07440185546875
6210.0,0.9863598607480526,1.0524405074119567,0.2021484375,0.2021484375,0.1376953125,0.1474609375,0.00013833290661307163,1.0,1.0,0.0,4.316720396280289,401.07440185546875
6220.0,1.0045637749135494,1.0524405074119567,0.2373046875,0.2373046875,0.185546875,0.1484375,0.0001375049709851146,1.0,1.0,0.0,4.316720396280289,401.07440185546875
6230.0,0.9913638643920422,1.0524405074119567,0.205078125,0.205078125,0.1416015625,0.1484375,0.00013668070018503438,1.0,1.0,0.0,4.316720396280289,401.07440185546875
6240.0,0.9519642926752567,1.0524405074119567,0.24609375,0.24609375,0.2001953125,0.1435546875,0.00013586010990575894,1.0,1.0,0.0,4.316720396280289,401.07440185546875
6250.0,1.0087744630873203,1.0524405074119567,0.1884765625,0.1884765625,0.1201171875,0.1455078125,0.0001350432157701442,1.0,1.0,0.0,4.316720396280289,401.07440185546875
6260.0,1.021134328097105,1.0524405074119567,0.3515625,0.3515625,0.3203125,0.14453125,0.00013423003333067713,1.0,1.0,0.0,4.316720396280289,401.07440185546875
6270.0,1.0061642937362194,1.0524405074119567,0.173828125,0.173828125,0.09619140625,0.14453125,0.00013342057806917893,1.0,1.0,0.0,4.316720396280289,401.07440185546875
6280.0,1.027691651135683,1.0524405074119567,0.2138671875,0.2138671875,0.15625,0.146484375,0.00013261486539651137,1.0,1.0,0.0,4.316720396280289,401.07440185546875
6290.0,0.9747865870594978,1.0524405074119567,0.1865234375,0.1865234375,0.1171875,0.1455078125,0.00013181291065228197,1.0,1.0,0.0,4.316720396280289,401.07440185546875
6300.0,0.9940655864775181,1.0524405074119567,0.17578125,0.17578125,0.095703125,0.146484375,0.0001310147291045533,1.0,1.0,0.0,4.316720396280289,401.07440185546875
6310.0,0.9815383441746235,1.0524405074119567,0.2138671875,0.2138671875,0.1572265625,0.1455078125,0.00013022033594955134,1.0,1.0,0.0,4.316720396280289,401.07440185546875
6320.0,1.0096495673060417,1.0524405074119567,0.1982421875,0.1982421875,0.1318359375,0.1484375,0.00012942974631137676,1.0,1.0,0.0,4.316720396280289,401.07440185546875
6330.0,0.9815263673663139,1.0524405074119567,0.20703125,0.20703125,0.146484375,0.146484375,0.00012864297524171653,1.0,1.0,0.0,4.316720396280289,401.07440185546875
6340.0,0.9744232036173344,1.0524405074119567,0.2080078125,0.2080078125,0.150390625,0.1435546875,0.00012786003771955782,1.0,1.0,0.0,4.316720396280289,401.07440185546875
6350.0,0.9579666443169117,1.0524405074119567,0.181640625,0.181640625,0.1083984375,0.1455078125,0.00012708094865090253,1.0,1.0,0.0,4.316720396280289,401.07440185546875
6360.0,0.9904159680008888,1.0524405074119567,0.212890625,0.212890625,0.1533203125,0.1484375,0.00012630572286848334,1.0,1.0,0.0,4.316720396280289,401.07440185546875
6370.0,0.9512165412306786,1.0524405074119567,0.255859375,0.255859375,0.208984375,0.1455078125,0.00012553437513148182,1.0,1.0,0.0,4.316720396280289,401.07440185546875
6380.0,0.9983507953584194,1.0524405074119567,0.1845703125,0.1845703125,0.11083984375,0.1474609375,0.00012476692012524683,1.0,1.0,0.0,4.316720396280289,401.07440185546875
6390.0,1.0129037648439407,1.0524405074119567,0.1884765625,0.1884765625,0.11669921875,0.1484375,0.00012400337246101561,1.0,1.0,0.0,4.316720396280289,401.07440185546875
6400.0,1.001343708485365,1.0524405074119567,0.341796875,0.341796875,0.30859375,0.1474609375,0.00012324374667563502,1.0,1.0,0.0,4.316720396280289,401.07440185546875
6410.0,0.9693450890481472,1.0524405074119567,0.19921875,0.19921875,0.1376953125,0.14453125,0.00012248805723128492,1.0,1.0,0.0,4.316720396280289,401.07440185546875
6420.0,1.004650216549635,1.0524405074119567,0.16796875,0.16796875,0.078125,0.1494140625,0.0001217363185152032,1.0,1.0,0.0,4.316720396280289,401.07440185546875
6430.0,0.9658394679427147,1.0524405074119567,0.181640625,0.181640625,0.10693359375,0.146484375,0.00012098854483941125,1.0,1.0,0.0,4.316720396280289,401.07440185546875
6440.0,0.9748890176415443,1.0524405074119567,0.228515625,0.228515625,0.1767578125,0.14453125,0.00012024475044044208,1.0,1.0,0.0,4.316720396280289,401.07440185546875
6450.0,0.9928521700203419,1.0524405074119567,0.203125,0.203125,0.138671875,0.1484375,0.00011950494947906879,1.0,1.0,0.0,4.316720396280289,401.07440185546875
6460.0,0.9865828827023506,1.0524405074119567,0.224609375,0.224609375,0.1708984375,0.1455078125,0.00011876915604003535,1.0,1.0,0.0,4.316720396280289,401.07440185546875
6470.0,0.9948705621063709,1.0524405074119567,0.17578125,0.17578125,0.0947265625,0.1484375,0.00011803738413178824,1.0,1.0,0.0,4.316720396280289,401.07440185546875
6480.0,1.0145038850605488,1.0524405074119567,0.28125,0.28125,0.2392578125,0.1474609375,0.00011730964768620966,1.0,1.0,0.0,4.316720396280289,401.07440185546875
6490.0,0.9673515632748604,1.0524405074119567,0.2734375,0.2734375,0.23046875,0.146484375,0.00011658596055835268,1.0,1.0,0.0,4.316720396280289,401.07440185546875
6500.0,0.9639331437647343,1.0524405074119567,0.291015625,0.291015625,0.25390625,0.1435546875,0.00011586633652617679,1.0,1.0,0.0,4.316720396280289,401.07440185546875
6510.0,0.9581975564360619,1.0524405074119567,0.17578125,0.17578125,0.1015625,0.1435546875,0.00011515078929028657,1.0,1.0,0.0,4.316720396280289,401.07440185546875
6520.0,0.9641508124768734,1.0524405074119567,0.314453125,0.314453125,0.28125,0.1435546875,0.00011443933247366975,1.0,1.0,0.0,4.316720396280289,401.07440185546875
6530.0,0.9711993932723999,1.0524405074119567,0.2109375,0.2109375,0.15234375,0.146484375,0.00011373197962143865,1.0,1.0,0.0,4.316720396280289,401.07440185546875
6540.0,1.0448206178843975,1.0524405074119567,0.2177734375,0.2177734375,0.1591796875,0.1484375,0.00011302874420057184,1.0,1.0,0.0,4.316720396280289,401.07440185546875
6550.0,1.011056199669838,1.0524405074119567,0.455078125,0.455078125,0.427734375,0.15234375,0.00011232963959965814,1.0,1.0,0.0,4.316720396280289,401.07440185546875
6560.0,0.9431650601327419,1.0524405074119567,0.265625,0.265625,0.2236328125,0.1435546875,0.00011163467912864147,1.0,1.0,0.0,4.316720396280289,401.07440185546875
6570.0,0.9826865307986736,1.0524405074119567,0.2041015625,0.2041015625,0.1416015625,0.1474609375,0.00011094387601856727,1.0,1.0,0.0,4.316720396280289,401.07440185546875
6580.0,0.9966459795832634,1.0524405074119567,0.208984375,0.208984375,0.1484375,0.1474609375,0.00011025724342133115,1.0,1.0,0.0,4.316720396280289,401.07440185546875
6590.0,0.9548773057758808,1.0524405074119567,0.2294921875,0.2294921875,0.177734375,0.14453125,0.00010957479440942787,1.0,1.0,0.0,4.316720396280289,401.07440185546875
6600.0,0.9726779907941818,1.0524405074119567,0.232421875,0.232421875,0.181640625,0.1455078125,0.00010889654197570299,1.0,1.0,0.0,4.316720396280289,401.07440185546875
6610.0,0.9864659830927849,1.0524405074119567,0.189453125,0.189453125,0.12158203125,0.1455078125,0.00010822249903310504,1.0,1.0,0.0,4.316720396280289,401.07440185546875
6620.0,0.9935375191271305,1.0524405074119567,0.27734375,0.27734375,0.2353515625,0.1455078125,0.00010755267841444012,1.0,1.0,0.0,4.316720396280289,401.07440185546875
6630.0,0.9782165363430977,1.0524405074119567,0.3046875,0.3046875,0.267578125,0.14453125,0.00010688709287212737,1.0,1.0,0.0,4.316720396280289,401.07440185546875
6640.0,0.9877068400382996,1.0524405074119567,0.18359375,0.18359375,0.1123046875,0.1455078125,0.00010622575507795591,1.0,1.0,0.0,4.316720396280289,401.07440185546875
6650.0,0.9805116839706898,1.0524405074119567,0.220703125,0.220703125,0.166015625,0.1455078125,0.0001055686776228442,1.0,1.0,0.0,4.316720396280289,401.07440185546875
6660.0,1.0263039767742157,1.0524405074119567,0.2294921875,0.2294921875,0.1728515625,0.150390625,0.00010491587301659971,1.0,1.0,0.0,4.316720396280289,401.07440185546875
6670.0,1.0022366605699062,1.0524405074119567,0.20703125,0.20703125,0.14453125,0.1484375,0.00010426735368768127,1.0,1.0,0.0,4.316720396280289,401.07440185546875
6680.0,0.9916465990245342,1.0524405074119567,0.19921875,0.19921875,0.1357421875,0.146484375,0.00010362313198296195,1.0,1.0,0.0,4.316720396280289,401.07440185546875
6690.0,0.994359016418457,1.0524405074119567,0.197265625,0.197265625,0.1318359375,0.146484375,0.00010298322016749444,1.0,1.0,0.0,4.316720396280289,401.07440185546875
6700.0,0.9832285419106483,1.0524405074119567,0.2470703125,0.2470703125,0.1962890625,0.1494140625,0.00010234763042427734,1.0,1.0,0.0,4.316720396280289,401.07440185546875
6710.0,0.9973984695971012,1.0524405074119567,0.1796875,0.1796875,0.10302734375,0.1474609375,0.00010171637485402312,1.0,1.0,0.0,4.316720396280289,401.07440185546875
6720.0,0.9465609006583691,1.0524405074119567,0.173828125,0.173828125,0.0986328125,0.142578125,0.0001010894654749279,1.0,1.0,0.0,4.316720396280289,401.07440185546875
6730.0,1.0073519758880138,1.0524405074119567,0.2216796875,0.2216796875,0.1650390625,0.1474609375,0.00010046691422244259,1.0,1.0,0.0,4.316720396280289,401.07440185546875
6740.0,0.9830938056111336,1.0524405074119567,0.2099609375,0.2099609375,0.150390625,0.1474609375,9.984873294904573e-05,1.0,1.0,0.0,4.316720396280289,401.07440185546875
6750.0,0.9732861891388893,1.0524405074119567,0.21875,0.21875,0.1640625,0.14453125,9.923493342401756e-05,1.0,1.0,0.0,4.316720396280289,401.07440185546875
6760.0,1.0108352862298489,1.0524405074119567,0.1865234375,0.1865234375,0.11669921875,0.1455078125,9.862552733321634e-05,1.0,1.0,0.0,4.316720396280289,401.07440185546875
6770.0,1.0078046508133411,1.0524405074119567,0.2158203125,0.2158203125,0.1611328125,0.1435546875,9.802052627885555e-05,1.0,1.0,0.0,4.316720396280289,401.07440185546875
6780.0,0.9866075366735458,1.0524405074119567,0.271484375,0.271484375,0.228515625,0.146484375,9.741994177928318e-05,1.0,1.0,0.0,4.316720396280289,401.07440185546875
6790.0,1.016226015985012,1.0524405074119567,0.1826171875,0.1826171875,0.10595703125,0.1494140625,9.682378526876248e-05,1.0,1.0,0.0,4.316720396280289,401.07440185546875
6800.0,0.9959830343723297,1.0524405074119567,0.1943359375,0.1943359375,0.1279296875,0.146484375,9.623206809725393e-05,1.0,1.0,0.0,4.316720396280289,401.07440185546875
6810.0,0.9720541313290596,1.0524405074119567,0.1865234375,0.1865234375,0.11572265625,0.1474609375,9.564480153019961e-05,1.0,1.0,0.0,4.316720396280289,401.07440185546875
6820.0,0.9656478874385357,1.0524405074119567,0.263671875,0.263671875,0.2197265625,0.146484375,9.506199674830837e-05,1.0,1.0,0.0,4.316720396280289,401.07440185546875
6830.0,0.9667020551860332,1.0524405074119567,0.24609375,0.24609375,0.1982421875,0.146484375,9.448366484734325e-05,1.0,1.0,0.0,4.316720396280289,401.07440185546875
6840.0,0.990647230297327,1.0524405074119567,0.1826171875,0.1826171875,0.107421875,0.1474609375,9.390981683790993e-05,1.0,1.0,0.0,4.316720396280289,401.07440185546875
6850.0,0.9634356945753098,1.0524405074119567,0.259765625,0.259765625,0.2138671875,0.146484375,9.33404636452473e-05,1.0,1.0,0.0,4.316720396280289,401.07440185546875
6860.0,0.9908742271363735,1.0524405074119567,0.1943359375,0.1943359375,0.1279296875,0.146484375,9.277561610901955e-05,1.0,1.0,0.0,4.316720396280289,401.07440185546875
6870.0,0.9713599681854248,1.0524405074119567,0.2392578125,0.2392578125,0.1884765625,0.1474609375,9.221528498310947e-05,1.0,1.0,0.0,4.316720396280289,401.07440185546875
6880.0,0.9962296634912491,1.0524405074119567,0.2080078125,0.2080078125,0.1474609375,0.1474609375,9.165948093541404e-05,1.0,1.0,0.0,4.316720396280289,401.07440185546875
6890.0,0.9970712512731552,1.0524405074119567,0.189453125,0.189453125,0.11767578125,0.1484375,9.110821454764111e-05,1.0,1.0,0.0,4.316720396280289,401.07440185546875
6900.0,0.9929021075367928,1.0524405074119567,0.2314453125,0.2314453125,0.1787109375,0.146484375,9.056149631510814e-05,1.0,1.0,0.0,4.316720396280289,401.07440185546875
6910.0,0.9847696125507355,1.0524405074119567,0.1787109375,0.1787109375,0.1005859375,0.1474609375,9.00193366465421e-05,1.0,1.0,0.0,4.316720396280289,401.07440185546875
6920.0,0.9642195776104927,1.0524405074119567,0.1943359375,0.1943359375,0.1279296875,0.146484375,8.948174586388164e-05,1.0,1.0,0.0,4.316720396280289,401.07440185546875
6930.0,0.9915217682719231,1.0524405074119567,0.18359375,0.18359375,0.10888671875,0.1484375,8.894873420208039e-05,1.0,1.0,0.0,4.316720396280289,401.07440185546875
6940.0,0.9771173186600208,1.0524405074119567,0.2392578125,0.2392578125,0.1875,0.1474609375,8.842031180891194e-05,1.0,1.0,0.0,4.316720396280289,401.07440185546875
6950.0,0.9635349810123444,1.0524405074119567,0.203125,0.203125,0.1416015625,0.1455078125,8.789648874477704e-05,1.0,1.0,0.0,4.316720396280289,401.07440185546875
6960.0,0.9985457509756088,1.0524405074119567,0.197265625,0.197265625,0.1318359375,0.1474609375,8.737727498251175e-05,1.0,1.0,0.0,4.316720396280289,401.07440185546875
6970.0,0.975610226392746,1.0524405074119567,0.224609375,0.224609375,0.1708984375,0.146484375,8.68626804071977e-05,1.0,1.0,0.0,4.316720396280289,401.07440185546875
6980.0,0.9900461509823799,1.0524405074119567,0.310546875,0.310546875,0.2734375,0.1474609375,8.635271481597376e-05,1.0,1.0,0.0,4.316720396280289,401.07440185546875
6990.0,0.999864399433136,1.0524405074119567,0.3046875,0.3046875,0.265625,0.1474609375,8.584738791784976e-05,1.0,1.0,0.0,4.316720396280289,401.07440185546875
7000.0,0.9912827424705029,1.0525804233551026,0.177734375,0.177734375,0.09765625,0.1484375,8.534670933352134e-05,1.0,1.0,0.0,4.212572182218234,399.95501708984375
7010.0,1.0250153951346874,1.0525804233551026,0.2431640625,0.2431640625,0.1923828125,0.1494140625,8.485068859518711e-05,1.0,1.0,0.0,4.212572182218234,399.95501708984375
7020.0,1.0083307065069675,1.0525804233551026,0.166015625,0.166015625,0.08203125,0.14453125,8.435933514636691e-05,1.0,1.0,0.0,4.212572182218234,399.95501708984375
7030.0,0.9651133641600609,1.0525804233551026,0.1767578125,0.1767578125,0.099609375,0.146484375,8.387265834172212e-05,1.0,1.0,0.0,4.212572182218234,399.95501708984375
7040.0,0.9587999358773232,1.0525804233551026,0.181640625,0.181640625,0.109375,0.14453125,8.33906674468776e-05,1.0,1.0,0.0,4.212572182218234,399.95501708984375
7050.0,0.9621992185711861,1.0525804233551026,0.173828125,0.173828125,0.095703125,0.1455078125,8.291337163824515e-05,1.0,1.0,0.0,4.212572182218234,399.95501708984375
7060.0,1.0205481760203838,1.0525804233551026,0.2041015625,0.2041015625,0.1396484375,0.1484375,8.244078000284907e-05,1.0,1.0,0.0,4.212572182218234,399.95501708984375
7070.0,0.9784253984689713,1.0525804233551026,0.19140625,0.19140625,0.11962890625,0.1494140625,8.197290153815273e-05,1.0,1.0,0.0,4.212572182218234,399.95501708984375
7080.0,0.9694273360073566,1.0525804233551026,0.1865234375,0.1865234375,0.11865234375,0.1435546875,8.150974515188774e-05,1.0,1.0,0.0,4.212572182218234,399.95501708984375
7090.0,0.9807194359600544,1.0525804233551026,0.2490234375,0.2490234375,0.201171875,0.1474609375,8.105131966188413e-05,1.0,1.0,0.0,4.212572182218234,399.95501708984375
7100.0,0.9863716997206211,1.0525804233551026,0.173828125,0.173828125,0.08984375,0.1484375,8.059763379590229e-05,1.0,1.0,0.0,4.212572182218234,399.95501708984375
7110.0,0.9510512202978134,1.0525804233551026,0.1953125,0.1953125,0.125,0.150390625,8.014869619146726e-05,1.0,1.0,0.0,4.212572182218234,399.95501708984375
7120.0,0.95750517770648,1.0525804233551026,0.2470703125,0.2470703125,0.19921875,0.1455078125,7.97045153957038e-05,1.0,1.0,0.0,4.212572182218234,399.95501708984375
7130.0,0.9766363017261028,1.0525804233551026,0.291015625,0.291015625,0.251953125,0.1474609375,7.926509986517403e-05,1.0,1.0,0.0,4.212572182218234,399.95501708984375
7140.0,1.0097702108323574,1.0525804233551026,0.2578125,0.2578125,0.2119140625,0.1455078125,7.883045796571631e-05,1.0,1.0,0.0,4.212572182218234,399.95501708984375
7150.0,0.9453287348151207,1.0525804233551026,0.2373046875,0.2373046875,0.1865234375,0.146484375,7.840059797228578e-05,1.0,1.0,0.0,4.212572182218234,399.95501708984375
7160.0,0.9818548113107681,1.0525804233551026,0.2177734375,0.2177734375,0.16015625,0.1484375,7.797552806879714e-05,1.0,1.0,0.0,4.212572182218234,399.95501708984375
7170.0,0.9897116981446743,1.0525804233551026,0.201171875,0.201171875,0.13671875,0.1474609375,7.755525634796855e-05,1.0,1.0,0.0,4.212572182218234,399.95501708984375
7180.0,0.9439109861850739,1.0525804233551026,0.2021484375,0.2021484375,0.1416015625,0.1435546875,7.71397908111679e-05,1.0,1.0,0.0,4.212572182218234,399.95501708984375
7190.0,0.9634574539959431,1.0525804233551026,0.2001953125,0.2001953125,0.138671875,0.1435546875,7.672913936826006e-05,1.0,1.0,0.0,4.212572182218234,399.95501708984375
7200.0,0.9735695868730545,1.0525804233551026,0.193359375,0.193359375,0.1259765625,0.146484375,7.632330983745658e-05,1.0,1.0,0.0,4.212572182218234,399.95501708984375
7210.0,1.0047369785606861,1.0525804233551026,0.1689453125,0.1689453125,0.0830078125,0.146484375,7.592230994516667e-05,1.0,1.0,0.0,4.212572182218234,399.95501708984375
7220.0,0.9760501086711884,1.0525804233551026,0.216796875,0.216796875,0.1611328125,0.1455078125,7.552614732585031e-05,1.0,1.0,0.0,4.212572182218234,399.95501708984375
7230.0,0.9808100797235966,1.0525804233551026,0.279296875,0.279296875,0.2373046875,0.1484375,7.513482952187272e-05,1.0,1.0,0.0,4.212572182218234,399.95501708984375
7240.0,0.9737348183989525,1.0525804233551026,0.3203125,0.3203125,0.28515625,0.146484375,7.474836398336078e-05,1.0,1.0,0.0,4.212572182218234,399.95501708984375
7250.0,0.9759036228060722,1.0525804233551026,0.208984375,0.208984375,0.1484375,0.1474609375,7.436675806806133e-05,1.0,1.0,0.0,4.212572182218234,399.95501708984375
7260.0,0.9540895372629166,1.0525804233551026,0.287109375,0.287109375,0.25,0.142578125,7.39900190412008e-05,1.0,1.0,0.0,4.212572182218234,399.95501708984375
7270.0,1.0110646896064281,1.0525804233551026,0.29296875,0.29296875,0.25390625,0.146484375,7.361815407534737e-05,1.0,1.0,0.0,4.212572182218234,399.95501708984375
7280.0,0.9856387004256248,1.0525804233551026,0.203125,0.203125,0.140625,0.1474609375,7.325117025027382e-05,1.0,1.0,0.0,4.212572182218234,399.95501708984375
7290.0,0.9815068207681179,1.0525804233551026,0.23828125,0.23828125,0.189453125,0.1455078125,7.288907455282321e-05,1.0,1.0,0.0,4.212572182218234,399.95501708984375
7300.0,0.9617923982441425,1.0525804233551026,0.18359375,0.18359375,0.10986328125,0.1474609375,7.253187387677577e-05,1.0,1.0,0.0,4.212572182218234,399.95501708984375
7310.0,0.9602173678576946,1.0525804233551026,0.177734375,0.177734375,0.10009765625,0.1474609375,7.217957502271735e-05,1.0,1.0,0.0,4.212572182218234,399.95501708984375
7320.0,0.9858890511095524,1.0525804233551026,0.41015625,0.41015625,0.3828125,0.1474609375,7.183218469791038e-05,1.0,1.0,0.0,4.212572182218234,399.95501708984375
7330.0,0.9715434201061726,1.0525804233551026,0.20703125,0.20703125,0.1474609375,0.1455078125,7.148970951616582e-05,1.0,1.0,0.0,4.212572182218234,399.95501708984375
7340.0,0.9716252833604813,1.0525804233551026,0.1943359375,0.1943359375,0.1259765625,0.1474609375,7.115215599771759e-05,1.0,1.0,0.0,4.212572182218234,399.95501708984375
7350.0,0.9538351111114025,1.0525804233551026,0.185546875,0.185546875,0.1142578125,0.146484375,7.081953056909795e-05,1.0,1.0,0.0,4.212572182218234,399.95501708984375
7360.0,0.9836762100458145,1.0525804233551026,0.18359375,0.18359375,0.11181640625,0.1455078125,7.049183956301571e-05,1.0,1.0,0.0,4.212572182218234,399.95501708984375
7370.0,0.9742323718965054,1.0525804233551026,0.1875,0.1875,0.1181640625,0.146484375,7.016908921823523e-05,1.0,1.0,0.0,4.212572182218234,399.95501708984375
7380.0,0.9600329473614693,1.0525804233551026,0.248046875,0.248046875,0.19921875,0.1474609375,6.985128567945782e-05,1.0,1.0,0.0,4.212572182218234,399.95501708984375
7390.0,0.9916743338108063,1.0525804233551026,0.177734375,0.177734375,0.09716796875,0.1484375,6.953843499720483e-05,1.0,1.0,0.0,4.212572182218234,399.95501708984375
7400.0,0.9717006385326385,1.0525804233551026,0.181640625,0.181640625,0.10546875,0.1484375,6.923054312770217e-05,1.0,1.0,0.0,4.212572182218234,399.95501708984375
7410.0,0.9671682864427567,1.0525804233551026,0.1875,0.1875,0.11767578125,0.1455078125,6.892761593276729e-05,1.0,1.0,0.0,4.212572182218234,399.95501708984375
7420.0,0.9783794172108173,1.0525804233551026,0.19921875,0.19921875,0.134765625,0.146484375,6.86296591796973e-05,1.0,1.0,0.0,4.212572182218234,399.95501708984375
7430.0,0.9666844271123409,1.0525804233551026,0.318359375,0.318359375,0.28125,0.1484375,6.833667854115934e-05,1.0,1.0,0.0,4.212572182218234,399.95501708984375
7440.0,0.9908403716981411,1.0525804233551026,0.1787109375,0.1787109375,0.1015625,0.1474609375,6.804867959508235e-05,1.0,1.0,0.0,4.212572182218234,399.95501708984375
7450.0,0.9976142048835754,1.0525804233551026,0.1875,0.1875,0.11669921875,0.1474609375,6.77656678245512e-05,1.0,1.0,0.0,4.212572182218234,399.95501708984375
7460.0,0.9837694615125656,1.0525804233551026,0.30078125,0.30078125,0.263671875,0.1435546875,6.748764861770201e-05,1.0,1.0,0.0,4.212572182218234,399.95501708984375
7470.0,1.0147993229329586,1.0525804233551026,0.259765625,0.259765625,0.2119140625,0.1494140625,6.721462726761975e-05,1.0,1.0,0.0,4.212572182218234,399.95501708984375
7480.0,0.9695361331105232,1.0525804233551026,0.1826171875,0.1826171875,0.1083984375,0.1474609375,6.694660897223735e-05,1.0,1.0,0.0,4.212572182218234,399.95501708984375
7490.0,1.0004881992936134,1.0525804233551026,0.212890625,0.212890625,0.1513671875,0.1494140625,6.66835988342368e-05,1.0,1.0,0.0,4.212572182218234,399.95501708984375
7500.0,0.950954157859087,1.0525804233551026,0.2119140625,0.2119140625,0.1552734375,0.14453125,6.642560186095204e-05,1.0,1.0,0.0,4.212572182218234,399.95501708984375
7510.0,0.973002415150404,1.0525804233551026,0.1943359375,0.1943359375,0.1279296875,0.146484375,6.617262296427351e-05,1.0,1.0,0.0,4.212572182218234,399.95501708984375
7520.0,0.9864427410066128,1.0525804233551026,0.18359375,0.18359375,0.10986328125,0.1474609375,6.592466696055478e-05,1.0,1.0,0.0,4.212572182218234,399.95501708984375
7530.0,0.9459073320031166,1.0525804233551026,0.2080078125,0.2080078125,0.1474609375,0.146484375,6.568173857052074e-05,1.0,1.0,0.0,4.212572182218234,399.95501708984375
7540.0,1.0020018741488457,1.0525804233551026,0.251953125,0.251953125,0.203125,0.1494140625,6.544384241917771e-05,1.0,1.0,0.0,4.212572182218234,399.95501708984375
7550.0,0.9637061022222042,1.0525804233551026,0.201171875,0.201171875,0.1376953125,0.1474609375,6.521098303572557e-05,1.0,1.0,0.0,4.212572182218234,399.95501708984375
7560.0,0.957760963588953,1.0525804233551026,0.1923828125,0.1923828125,0.1259765625,0.146484375,6.498316485347124e-05,1.0,1.0,0.0,4.212572182218234,399.95501708984375
7570.0,0.9656228497624397,1.0525804233551026,0.1806640625,0.1806640625,0.1064453125,0.146484375,6.476039220974459e-05,1.0,1.0,0.0,4.212572182218234,399.95501708984375
7580.0,0.9880365170538425,1.0525804233551026,0.1748046875,0.1748046875,0.09375,0.1484375,6.454266934581556e-05,1.0,1.0,0.0,4.212572182218234,399.95501708984375
7590.0,0.9797977805137634,1.0525804233551026,0.251953125,0.251953125,0.205078125,0.1474609375,6.43300004068137e-05,1.0,1.0,0.0,4.212572182218234,399.95501708984375
7600.0,0.9620381221175194,1.0525804233551026,0.228515625,0.228515625,0.171875,0.150390625,6.412238944164906e-05,1.0,1.0,0.0,4.212572182218234,399.95501708984375
7610.0,0.978230744600296,1.0525804233551026,0.1953125,0.1953125,0.126953125,0.1484375,6.39198404029351e-05,1.0,1.0,0.0,4.212572182218234,399.95501708984375
7620.0,0.9634228684008121,1.0525804233551026,0.19140625,0.19140625,0.126953125,0.1435546875,6.372235714691358e-05,1.0,1.0,0.0,4.212572182218234,399.95501708984375
7630.0,1.0080466568470001,1.0525804233551026,0.2470703125,0.2470703125,0.1962890625,0.150390625,6.3529943433381e-05,1.0,1.0,0.0,4.212572182218234,399.95501708984375
7640.0,0.984224833548069,1.0525804233551026,0.220703125,0.220703125,0.1640625,0.1474609375,6.334260292561719e-05,1.0,1.0,0.0,4.212572182218234,399.95501708984375
7650.0,0.9856176003813744,1.0525804233551026,0.22265625,0.22265625,0.16796875,0.1455078125,6.316033919031528e-05,1.0,1.0,0.0,4.212572182218234,399.95501708984375
7660.0,0.9696532115340233,1.0525804233551026,0.19140625,0.19140625,0.12451171875,0.14453125,6.29831556975141e-05,1.0,1.0,0.0,4.212572182218234,399.95501708984375
7670.0,0.9559358730912209,1.0525804233551026,0.1806640625,0.1806640625,0.10595703125,0.1455078125,6.281105582053193e-05,1.0,1.0,0.0,4.212572182218234,399.95501708984375
7680.0,0.9940351359546185,1.0525804233551026,0.20703125,0.20703125,0.146484375,0.1455078125,6.264404283590237e-05,1.0,1.0,0.0,4.212572182218234,399.95501708984375
7690.0,0.9509596154093742,1.0525804233551026,0.17578125,0.17578125,0.09814453125,0.1455078125,6.248211992331191e-05,1.0,1.0,0.0,4.212572182218234,399.95501708984375
7700.0,0.9407191164791584,1.0525804233551026,0.2431640625,0.2431640625,0.193359375,0.146484375,6.232529016553938e-05,1.0,1.0,0.0,4.212572182218234,399.95501708984375
7710.0,0.9359946623444557,1.0525804233551026,0.1884765625,0.1884765625,0.1181640625,0.1474609375,6.217355654839732e-05,1.0,1.0,0.0,4.212572182218234,399.95501708984375
7720.0,0.978426568210125,1.0525804233551026,0.1953125,0.1953125,0.1318359375,0.1435546875,6.202692196067507e-05,1.0,1.0,0.0,4.212572182218234,399.95501708984375
7730.0,0.9732326343655586,1.0525804233551026,0.1787109375,0.1787109375,0.1005859375,0.1484375,6.188538919408382e-05,1.0,1.0,0.0,4.212572182218234,399.95501708984375
7740.0,0.9745353125035763,1.0525804233551026,0.1748046875,0.1748046875,0.09375,0.1474609375,6.174896094320342e-05,1.0,1.0,0.0,4.212572182218234,399.95501708984375
7750.0,0.9872143045067787,1.0525804233551026,0.1728515625,0.1728515625,0.0888671875,0.1484375,6.161763980543109e-05,1.0,1.0,0.0,4.212572182218234,399.95501708984375
7760.0,0.9766360223293304,1.0525804233551026,0.2109375,0.2109375,0.150390625,0.1474609375,6.149142828093204e-05,1.0,1.0,0.0,4.212572182218234,399.95501708984375
7770.0,0.9531488493084908,1.0525804233551026,0.1953125,0.1953125,0.1279296875,0.1484375,6.137032877259174e-05,1.0,1.0,0.0,4.212572182218234,399.95501708984375
7780.0,0.932158250361681,1.0525804233551026,0.1845703125,0.1845703125,0.11572265625,0.14453125,6.12543435859703e-05,1.0,1.0,0.0,4.212572182218234,399.95501708984375
7790.0,0.9818429388105869,1.0525804233551026,0.1875,0.1875,0.1171875,0.146484375,6.114347492925844e-05,1.0,1.0,0.0,4.212572182218234,399.95501708984375
7800.0,0.9834944531321526,1.0525804233551026,0.2138671875,0.2138671875,0.1552734375,0.146484375,6.103772491323559e-05,1.0,1.0,0.0,4.212572182218234,399.95501708984375
7810.0,0.9704581126570702,1.0525804233551026,0.171875,0.171875,0.087890625,0.1474609375,6.0937095551229624e-05,1.0,1.0,0.0,4.212572182218234,399.95501708984375
7820.0,0.9956648126244545,1.0525804233551026,0.244140625,0.244140625,0.193359375,0.1494140625,6.084158875907853e-05,1.0,1.0,0.0,4.212572182218234,399.95501708984375
7830.0,0.9628911465406418,1.0525804233551026,0.1767578125,0.1767578125,0.095703125,0.1484375,6.0751206355093964e-05,1.0,1.0,0.0,4.212572182218234,399.95501708984375
7840.0,0.9603354334831238,1.0525804233551026,0.232421875,0.232421875,0.1806640625,0.146484375,6.066595006002664e-05,1.0,1.0,0.0,4.212572182218234,399.95501708984375
7850.0,0.9696563594043255,1.0525804233551026,0.2294921875,0.2294921875,0.1767578125,0.146484375,6.058582149703346e-05,1.0,1.0,0.0,4.212572182218234,399.95501708984375
7860.0,0.9848900586366653,1.0525804233551026,0.203125,0.203125,0.1396484375,0.1474609375,6.051082219164681e-05,1.0,1.0,0.0,4.212572182218234,399.95501708984375
7870.0,0.9827513620257378,1.0525804233551026,0.259765625,0.259765625,0.212890625,0.1474609375,6.044095357174535e-05,1.0,1.0,0.0,4.212572182218234,399.95501708984375
7880.0,0.9767028577625751,1.0525804233551026,0.1962890625,0.1962890625,0.12890625,0.1484375,6.0376216967526884e-05,1.0,1.0,0.0,4.212572182218234,399.95501708984375
7890.0,0.9556048177182674,1.0525804233551026,0.2119140625,0.2119140625,0.15234375,0.1474609375,6.031661361148305e-05,1.0,1.0,0.0,4.212572182218234,399.95501708984375
7900.0,0.9680554568767548,1.0525804233551026,0.26171875,0.26171875,0.21484375,0.1494140625,6.026214463837582e-05,1.0,1.0,0.0,4.212572182218234,399.95501708984375
7910.0,0.9430906102061272,1.0525804233551026,0.203125,0.203125,0.142578125,0.14453125,6.0212811085215916e-05,1.0,1.0,0.0,4.212572182218234,399.95501708984375
7920.0,0.9452747963368893,1.0525804233551026,0.1806640625,0.1806640625,0.1044921875,0.146484375,6.016861389124311e-05,1.0,1.0,0.0,4.212572182218234,399.95501708984375
7930.0,0.982006773352623,1.0525804233551026,0.201171875,0.201171875,0.1357421875,0.1484375,6.012955389790821e-05,1.0,1.0,0.0,4.212572182218234,399.95501708984375
7940.0,0.97613774985075,1.0525804233551026,0.1982421875,0.1982421875,0.1298828125,0.1494140625,6.0095631848857245e-05,1.0,1.0,0.0,4.212572182218234,399.95501708984375
7950.0,1.012158326804638,1.0525804233551026,0.185546875,0.185546875,0.11083984375,0.1484375,6.006684838991711e-05,1.0,1.0,0.0,4.212572182218234,399.95501708984375
7960.0,0.9453578591346741,1.0525804233551026,0.1845703125,0.1845703125,0.1123046875,0.146484375,6.004320406908335e-05,1.0,1.0,0.0,4.212572182218234,399.95501708984375
7970.0,1.0109017305076122,1.0525804233551026,0.205078125,0.205078125,0.1376953125,0.1513671875,6.002469933650978e-05,1.0,1.0,0.0,4.212572182218234,399.95501708984375
7980.0,0.956591434776783,1.0525804233551026,0.2041015625,0.2041015625,0.1396484375,0.1484375,6.001133454449984e-05,1.0,1.0,0.0,4.212572182218234,399.95501708984375
7990.0,0.9617122523486614,1.0525804233551026,0.201171875,0.201171875,0.13671875,0.1474609375,6.000310994749988e-05,1.0,1.0,0.0,4.212572182218234,399.95501708984375
8000.0,0.9469083324074745,1.041620489358902,0.1748046875,0.1748046875,0.0947265625,0.1474609375,6.0000025702094385e-05,1.0,1.0,0.0,4.473638976613681,374.09637451171875
